GRN_No,PO_No,Received_Qty,Receipt_Date
GRN00001,PO00001,431,2026-02-03
GRN00002,PO00002,465,2025-11-06
GRN00003,PO00003,687,2025-04-30
GRN00004,PO00004,422,2025-06-14
GRN00005,PO00005,40,2026-05-31
GRN00006,PO00006,116,2025-11-17
GRN00007,PO00007,37,2025-08-30
GRN00008,PO00008,134,2025-07-14
GRN00009,PO00009,307,2025-03-21
GRN00010,PO00010,150,2025-07-22
GRN00011,PO00011,792,2025-05-29
GRN00012,PO00012,3,2026-06-10
GRN00013,PO00013,145,2025-05-06
GRN00014,PO00014,251,2025-11-01
GRN00015,PO00015,44,2026-02-26
GRN00016,PO00016,143,2025-02-08
GRN00017,PO00017,52,2025-04-28
GRN00018,PO00018,99,2025-11-14
GRN00019,PO00019,251,2026-06-05
GRN00020,PO00020,244,2025-04-08
GRN00021,PO00021,525,2026-06-05
GRN00022,PO00022,291,2026-05-29
GRN00023,PO00023,115,2026-03-15
GRN00024,PO00024,499,2025-11-06
GRN00025,PO00025,467,2025-08-19
GRN00026,PO00026,380,2025-05-19
GRN00027,PO00027,819,2026-02-13
GRN00028,PO00028,289,2025-06-06
GRN00029,PO00029,49,2025-09-03
GRN00030,PO00030,7,2026-07-14
GRN00031,PO00031,31,2025-12-17
GRN00032,PO00032,180,2025-09-18
GRN00033,PO00033,43,2025-06-28
GRN00034,PO00034,161,2025-10-04
GRN00035,PO00035,563,2025-02-24
GRN00036,PO00036,87,2025-12-05
GRN00037,PO00037,23,2025-09-15
GRN00038,PO00038,443,2025-11-17
GRN00039,PO00039,381,2026-05-21
GRN00040,PO00040,185,2026-01-21
GRN00041,PO00041,144,2026-03-25
GRN00042,PO00042,481,2025-12-15
GRN00043,PO00043,585,2026-02-14
GRN00044,PO00044,459,2025-05-08
GRN00045,PO00045,9,2025-12-12
GRN00046,PO00046,222,2025-06-02
GRN00047,PO00047,553,2026-01-11
GRN00048,PO00048,87,2025-11-29
GRN00049,PO00049,357,2025-06-15
GRN00050,PO00050,48,2026-03-09
GRN00051,PO00051,481,2026-03-12
GRN00052,PO00052,157,2025-03-07
GRN00053,PO00053,102,2025-04-27
GRN00054,PO00054,18,2026-03-19
GRN00055,PO00055,4,2026-01-26
GRN00056,PO00056,296,2026-04-09
GRN00057,PO00057,745,2025-12-01
GRN00058,PO00058,124,2025-03-04
GRN00059,PO00059,280,2025-08-27
GRN00060,PO00060,442,2026-06-27
GRN00061,PO00061,661,2026-01-19
GRN00062,PO00062,420,2026-04-20
GRN00063,PO00063,71,2026-02-19
GRN00064,PO00064,451,2025-09-25
GRN00065,PO00065,99,2026-01-14
GRN00066,PO00066,326,2026-01-06
GRN00067,PO00067,148,2026-01-07
GRN00068,PO00068,876,2025-05-23
GRN00069,PO00069,45,2025-07-04
GRN00070,PO00070,470,2026-05-21
GRN00071,PO00071,217,2025-10-18
GRN00072,PO00072,146,2025-05-01
GRN00073,PO00073,211,2025-05-02
GRN00074,PO00074,170,2025-11-20
GRN00075,PO00075,277,2025-12-17
GRN00076,PO00076,129,2025-03-28
GRN00077,PO00077,22,2025-10-31
GRN00078,PO00078,406,2025-11-25
GRN00079,PO00079,10,2025-12-23
GRN00080,PO00080,209,2026-03-21
GRN00081,PO00081,303,2025-04-03
GRN00082,PO00082,56,2026-02-02
GRN00083,PO00083,548,2025-10-23
GRN00084,PO00084,345,2025-08-04
GRN00085,PO00085,467,2025-03-22
GRN00086,PO00086,662,2025-04-22
GRN00087,PO00087,45,2025-11-25
GRN00088,PO00088,0,2026-05-24
GRN00089,PO00089,202,2025-02-12
GRN00090,PO00090,128,2026-01-11
GRN00091,PO00091,841,2026-02-06
GRN00092,PO00092,440,2025-06-10
GRN00093,PO00093,519,2025-06-22
GRN00094,PO00094,654,2025-03-11
GRN00095,PO00095,159,2025-03-18
GRN00096,PO00096,253,2025-12-07
GRN00097,PO00097,110,2025-11-08
GRN00098,PO00098,1,2026-05-11
GRN00099,PO00099,60,2026-02-02
GRN00100,PO00100,381,2025-06-13
GRN00101,PO00101,20,2025-05-01
GRN00102,PO00102,8,2025-12-29
GRN00103,PO00103,335,2025-09-27
GRN00104,PO00104,46,2025-11-28
GRN00105,PO00105,172,2026-04-19
GRN00106,PO00106,94,2025-05-08
GRN00107,PO00107,80,2025-08-23
GRN00108,PO00108,203,2025-03-17
GRN00109,PO00109,56,2025-05-18
GRN00110,PO00110,125,2025-04-14
GRN00111,PO00111,247,2025-09-09
GRN00112,PO00112,337,2025-09-23
GRN00113,PO00113,106,2025-07-28
GRN00114,PO00114,438,2025-12-13
GRN00115,PO00115,125,2026-02-15
GRN00116,PO00116,410,2025-05-02
GRN00117,PO00117,49,2026-05-07
GRN00118,PO00118,307,2026-07-11
GRN00119,PO00119,51,2025-11-05
GRN00120,PO00120,19,2025-12-20
GRN00121,PO00121,384,2026-07-17
GRN00122,PO00122,25,2026-03-29
GRN00123,PO00123,349,2025-05-11
GRN00124,PO00124,117,2025-12-25
GRN00125,PO00125,76,2025-11-27
GRN00126,PO00126,897,2026-07-20
GRN00127,PO00127,91,2025-11-26
GRN00128,PO00128,215,2025-04-27
GRN00129,PO00129,627,2026-02-24
GRN00130,PO00130,16,2026-07-02
GRN00131,PO00131,571,2025-10-16
GRN00132,PO00132,295,2025-04-02
GRN00133,PO00133,151,2025-11-12
GRN00134,PO00134,828,2026-02-16
GRN00135,PO00135,483,2026-05-29
GRN00136,PO00136,99,2025-06-08
GRN00137,PO00137,141,2025-06-30
GRN00138,PO00138,209,2026-02-15
GRN00139,PO00139,224,2026-06-10
GRN00140,PO00140,289,2026-07-10
GRN00141,PO00141,882,2025-04-01
GRN00142,PO00142,328,2026-03-12
GRN00143,PO00143,897,2025-12-08
GRN00144,PO00144,256,2026-02-22
GRN00145,PO00145,292,2025-06-22
GRN00146,PO00146,266,2025-10-08
GRN00147,PO00147,143,2026-02-15
GRN00148,PO00148,3,2025-05-31
GRN00149,PO00149,157,2025-06-18
GRN00150,PO00150,9,2026-03-06
GRN00151,PO00151,169,2026-03-26
GRN00152,PO00152,34,2026-06-07
GRN00153,PO00153,130,2025-07-24
GRN00154,PO00154,52,2026-01-18
GRN00155,PO00155,91,2025-09-24
GRN00156,PO00156,318,2026-06-04
GRN00157,PO00157,33,2025-11-29
GRN00158,PO00158,128,2025-04-03
GRN00159,PO00159,608,2025-04-26
GRN00160,PO00160,166,2026-07-04
GRN00161,PO00161,284,2025-03-28
GRN00162,PO00162,98,2025-03-23
GRN00163,PO00163,347,2026-04-22
GRN00164,PO00164,234,2026-03-28
GRN00165,PO00165,348,2025-12-02
GRN00166,PO00166,270,2026-03-05
GRN00167,PO00167,27,2025-08-05
GRN00168,PO00168,58,2026-07-20
GRN00169,PO00169,328,2026-05-12
GRN00170,PO00170,67,2025-10-10
GRN00171,PO00171,432,2025-09-09
GRN00172,PO00172,193,2025-04-03
GRN00173,PO00173,563,2026-04-28
GRN00174,PO00174,560,2025-08-29
GRN00175,PO00175,9,2026-02-27
GRN00176,PO00176,745,2026-05-18
GRN00177,PO00177,279,2026-05-22
GRN00178,PO00178,323,2026-05-13
GRN00179,PO00179,138,2026-06-25
GRN00180,PO00180,181,2026-01-14
GRN00181,PO00181,101,2026-01-09
GRN00182,PO00182,14,2026-06-12
GRN00183,PO00183,451,2025-09-17
GRN00184,PO00184,213,2025-03-19
GRN00185,PO00185,109,2025-12-02
GRN00186,PO00186,101,2025-10-20
GRN00187,PO00187,427,2025-05-01
GRN00188,PO00188,327,2026-05-26
GRN00189,PO00189,365,2026-05-07
GRN00190,PO00190,552,2025-09-06
GRN00191,PO00191,209,2025-03-07
GRN00192,PO00192,187,2026-04-30
GRN00193,PO00193,110,2025-12-28
GRN00194,PO00194,210,2025-02-10
GRN00195,PO00195,447,2025-11-25
GRN00196,PO00196,199,2025-05-23
GRN00197,PO00197,96,2026-03-06
GRN00198,PO00198,316,2025-09-04
GRN00199,PO00199,743,2025-03-11
GRN00200,PO00200,88,2025-08-09
GRN00201,PO00201,63,2026-02-06
GRN00202,PO00202,20,2026-06-05
GRN00203,PO00203,39,2026-03-11
GRN00204,PO00204,276,2026-06-08
GRN00205,PO00205,5,2025-04-10
GRN00206,PO00206,254,2025-03-03
GRN00207,PO00207,817,2025-03-25
GRN00208,PO00208,35,2026-06-06
GRN00209,PO00209,64,2025-10-11
GRN00210,PO00210,97,2025-03-08
GRN00211,PO00211,223,2025-05-30
GRN00212,PO00212,344,2025-05-13
GRN00213,PO00213,341,2025-11-14
GRN00214,PO00214,372,2026-07-26
GRN00215,PO00215,349,2025-05-26
GRN00216,PO00216,127,2025-11-05
GRN00217,PO00217,684,2026-05-12
GRN00218,PO00218,690,2025-05-02
GRN00219,PO00219,175,2026-05-08
GRN00220,PO00220,669,2026-05-07
GRN00221,PO00221,12,2026-05-11
GRN00222,PO00222,496,2025-02-19
GRN00223,PO00223,57,2025-02-25
GRN00224,PO00224,431,2026-07-19
GRN00225,PO00225,337,2025-03-21
GRN00226,PO00226,73,2026-02-01
GRN00227,PO00227,62,2025-06-26
GRN00228,PO00228,776,2025-08-18
GRN00229,PO00229,277,2025-07-31
GRN00230,PO00230,229,2025-06-27
GRN00231,PO00231,915,2025-03-13
GRN00232,PO00232,56,2025-08-05
GRN00233,PO00233,34,2025-05-22
GRN00234,PO00234,47,2026-02-02
GRN00235,PO00235,77,2026-02-27
GRN00236,PO00236,19,2025-08-16
GRN00237,PO00237,296,2025-09-14
GRN00238,PO00238,327,2025-07-02
GRN00239,PO00239,347,2025-07-26
GRN00240,PO00240,158,2025-02-25
GRN00241,PO00241,142,2026-04-05
GRN00242,PO00242,261,2025-05-11
GRN00243,PO00243,428,2025-09-09
GRN00244,PO00244,562,2026-04-08
GRN00245,PO00245,156,2026-03-28
GRN00246,PO00246,428,2025-07-05
GRN00247,PO00247,28,2025-11-02
GRN00248,PO00248,85,2025-12-02
GRN00249,PO00249,692,2026-04-05
GRN00250,PO00250,118,2026-07-17
GRN00251,PO00251,170,2025-07-01
GRN00252,PO00252,131,2025-10-10
GRN00253,PO00253,45,2025-02-21
GRN00254,PO00254,251,2025-12-07
GRN00255,PO00255,7,2026-02-10
GRN00256,PO00256,464,2026-04-27
GRN00257,PO00257,815,2025-05-06
GRN00258,PO00258,152,2026-03-03
GRN00259,PO00259,852,2026-06-06
GRN00260,PO00260,39,2026-07-08
GRN00261,PO00261,19,2026-05-07
GRN00262,PO00262,403,2026-04-14
GRN00263,PO00263,601,2025-09-20
GRN00264,PO00264,98,2026-06-19
GRN00265,PO00265,63,2025-11-29
GRN00266,PO00266,558,2025-05-10
GRN00267,PO00267,30,2025-04-04
GRN00268,PO00268,284,2026-07-04
GRN00269,PO00269,113,2025-08-10
GRN00270,PO00270,152,2025-10-26
GRN00271,PO00271,29,2025-10-23
GRN00272,PO00272,108,2025-11-13
GRN00273,PO00273,61,2025-08-06
GRN00274,PO00274,321,2025-08-04
GRN00275,PO00275,2,2025-08-18
GRN00276,PO00276,575,2026-02-10
GRN00277,PO00277,233,2025-05-31
GRN00278,PO00278,86,2025-08-25
GRN00279,PO00279,538,2025-07-15
GRN00280,PO00280,56,2026-02-26
GRN00281,PO00281,796,2025-07-03
GRN00282,PO00282,229,2025-08-31
GRN00283,PO00283,373,2026-06-07
GRN00284,PO00284,344,2026-03-25
GRN00285,PO00285,383,2025-11-02
GRN00286,PO00286,177,2026-02-02
GRN00287,PO00287,94,2025-03-28
GRN00288,PO00288,614,2025-04-05
GRN00289,PO00289,174,2025-06-27
GRN00290,PO00290,274,2025-07-17
GRN00291,PO00291,395,2026-05-04
GRN00292,PO00292,231,2025-09-29
GRN00293,PO00293,218,2025-07-03
GRN00294,PO00294,24,2025-10-16
GRN00295,PO00295,66,2026-07-29
GRN00296,PO00296,361,2026-02-10
GRN00297,PO00297,503,2025-09-26
GRN00298,PO00298,200,2026-01-13
GRN00299,PO00299,226,2026-03-29
GRN00300,PO00300,73,2025-07-20
GRN00301,PO00301,22,2025-05-29
GRN00302,PO00302,244,2025-08-25
GRN00303,PO00303,146,2025-03-20
GRN00304,PO00304,266,2025-07-16
GRN00305,PO00305,257,2025-04-27
GRN00306,PO00306,20,2026-03-20
GRN00307,PO00307,755,2025-12-29
GRN00308,PO00308,327,2025-07-28
GRN00309,PO00309,305,2026-02-21
GRN00310,PO00310,141,2025-06-27
GRN00311,PO00311,233,2026-07-04
GRN00312,PO00312,830,2026-05-14
GRN00313,PO00313,429,2025-08-07
GRN00314,PO00314,204,2025-08-25
GRN00315,PO00315,73,2026-06-14
GRN00316,PO00316,425,2025-07-29
GRN00317,PO00317,37,2026-01-22
GRN00318,PO00318,494,2025-07-01
GRN00319,PO00319,161,2025-05-07
GRN00320,PO00320,468,2025-11-04
GRN00321,PO00321,342,2025-03-11
GRN00322,PO00322,195,2025-02-11
GRN00323,PO00323,184,2025-05-24
GRN00324,PO00324,72,2026-04-02
GRN00325,PO00325,112,2025-10-02
GRN00326,PO00326,46,2026-03-12
GRN00327,PO00327,461,2026-02-08
GRN00328,PO00328,606,2026-02-02
GRN00329,PO00329,107,2025-10-24
GRN00330,PO00330,188,2025-10-26
GRN00331,PO00331,455,2025-09-03
GRN00332,PO00332,101,2026-04-17
GRN00333,PO00333,42,2026-04-02
GRN00334,PO00334,352,2026-06-22
GRN00335,PO00335,140,2025-11-10
GRN00336,PO00336,209,2026-06-28
GRN00337,PO00337,43,2025-04-05
GRN00338,PO00338,36,2026-04-23
GRN00339,PO00339,49,2025-12-09
GRN00340,PO00340,88,2025-10-14
GRN00341,PO00341,10,2025-04-10
GRN00342,PO00342,527,2026-06-02
GRN00343,PO00343,475,2025-04-24
GRN00344,PO00344,401,2025-07-15
GRN00345,PO00345,269,2025-11-17
GRN00346,PO00346,543,2025-11-07
GRN00347,PO00347,282,2026-05-26
GRN00348,PO00348,118,2026-03-07
GRN00349,PO00349,30,2025-03-13
GRN00350,PO00350,106,2025-09-15
GRN00351,PO00351,297,2025-01-29
GRN00352,PO00352,344,2025-08-01
GRN00353,PO00353,63,2026-06-22
GRN00354,PO00354,257,2025-07-31
GRN00355,PO00355,574,2026-01-11
GRN00356,PO00356,351,2025-03-07
GRN00357,PO00357,47,2025-03-18
GRN00358,PO00358,370,2025-07-28
GRN00359,PO00359,219,2026-05-08
GRN00360,PO00360,18,2025-12-16
GRN00361,PO00361,852,2025-06-04
GRN00362,PO00362,826,2026-03-29
GRN00363,PO00363,583,2025-08-14
GRN00364,PO00364,768,2026-05-30
GRN00365,PO00365,98,2025-03-03
GRN00366,PO00366,496,2026-05-20
GRN00367,PO00367,764,2025-03-22
GRN00368,PO00368,363,2025-03-28
GRN00369,PO00369,11,2025-12-18
GRN00370,PO00370,122,2025-01-16
GRN00371,PO00371,71,2025-12-22
GRN00372,PO00372,384,2025-05-07
GRN00373,PO00373,19,2026-05-20
GRN00374,PO00374,40,2025-05-13
GRN00375,PO00375,107,2026-01-19
GRN00376,PO00376,185,2025-05-14
GRN00377,PO00377,97,2026-01-07
GRN00378,PO00378,210,2025-06-17
GRN00379,PO00379,88,2026-03-01
GRN00380,PO00380,29,2025-03-21
GRN00381,PO00381,68,2026-04-02
GRN00382,PO00382,439,2025-03-01
GRN00383,PO00383,399,2025-12-10
GRN00384,PO00384,78,2025-12-02
GRN00385,PO00385,160,2026-06-17
GRN00386,PO00386,11,2026-01-09
GRN00387,PO00387,83,2025-12-12
GRN00388,PO00388,511,2026-02-27
GRN00389,PO00389,79,2025-12-26
GRN00390,PO00390,527,2026-06-19
GRN00391,PO00391,383,2025-10-11
GRN00392,PO00392,461,2025-04-25
GRN00393,PO00393,60,2025-12-06
GRN00394,PO00394,157,2025-07-09
GRN00395,PO00395,144,2025-02-10
GRN00396,PO00396,142,2025-08-02
GRN00397,PO00397,211,2025-08-22
GRN00398,PO00398,217,2025-03-30
GRN00399,PO00399,107,2026-04-04
GRN00400,PO00400,56,2025-12-07
GRN00401,PO00401,175,2025-02-13
GRN00402,PO00402,194,2025-02-18
GRN00403,PO00403,9,2026-06-27
GRN00404,PO00404,120,2025-09-30
GRN00405,PO00405,186,2026-06-14
GRN00406,PO00406,253,2025-03-08
GRN00407,PO00407,402,2026-05-12
GRN00408,PO00408,47,2026-02-12
GRN00409,PO00409,574,2025-11-22
GRN00410,PO00410,866,2025-12-12
GRN00411,PO00411,35,2025-10-16
GRN00412,PO00412,360,2025-09-25
GRN00413,PO00413,362,2025-09-04
GRN00414,PO00414,29,2025-10-04
GRN00415,PO00415,45,2025-09-04
GRN00416,PO00416,511,2026-05-11
GRN00417,PO00417,393,2025-12-18
GRN00418,PO00418,28,2025-04-29
GRN00419,PO00419,266,2025-10-25
GRN00420,PO00420,67,2025-04-24
GRN00421,PO00421,139,2025-09-15
GRN00422,PO00422,194,2025-07-02
GRN00423,PO00423,302,2025-11-08
GRN00424,PO00424,18,2025-10-01
GRN00425,PO00425,2,2026-04-28
GRN00426,PO00426,309,2025-03-17
GRN00427,PO00427,327,2025-11-30
GRN00428,PO00428,85,2025-09-15
GRN00429,PO00429,265,2025-07-31
GRN00430,PO00430,378,2025-02-11
GRN00431,PO00431,49,2026-02-04
GRN00432,PO00432,545,2025-08-30
GRN00433,PO00433,97,2025-05-10
GRN00434,PO00434,155,2026-01-20
GRN00435,PO00435,284,2025-08-19
GRN00436,PO00436,467,2025-07-14
GRN00437,PO00437,69,2025-02-02
GRN00438,PO00438,36,2026-05-05
GRN00439,PO00439,473,2025-10-12
GRN00440,PO00440,348,2025-04-27
GRN00441,PO00441,664,2026-02-28
GRN00442,PO00442,295,2025-10-08
GRN00443,PO00443,608,2026-06-26
GRN00444,PO00444,292,2026-02-04
GRN00445,PO00445,725,2025-04-21
GRN00446,PO00446,566,2026-02-13
GRN00447,PO00447,134,2026-05-11
GRN00448,PO00448,54,2025-12-14
GRN00449,PO00449,140,2026-06-04
GRN00450,PO00450,247,2025-02-27
GRN00451,PO00451,126,2025-03-13
GRN00452,PO00452,331,2025-02-02
GRN00453,PO00453,483,2025-04-30
GRN00454,PO00454,212,2025-07-21
GRN00455,PO00455,39,2025-03-19
GRN00456,PO00456,93,2025-10-19
GRN00457,PO00457,3,2025-10-29
GRN00458,PO00458,326,2026-03-14
GRN00459,PO00459,168,2026-06-29
GRN00460,PO00460,475,2026-01-30
GRN00461,PO00461,188,2025-11-26
GRN00462,PO00462,140,2025-05-27
GRN00463,PO00463,179,2025-06-04
GRN00464,PO00464,252,2025-08-23
GRN00465,PO00465,345,2025-05-28
GRN00466,PO00466,62,2025-11-14
GRN00467,PO00467,171,2026-03-19
GRN00468,PO00468,231,2025-09-07
GRN00469,PO00469,759,2025-07-29
GRN00470,PO00470,20,2025-05-23
GRN00471,PO00471,259,2025-02-17
GRN00472,PO00472,505,2025-09-01
GRN00473,PO00473,41,2026-03-19
GRN00474,PO00474,387,2025-09-29
GRN00475,PO00475,379,2025-07-12
GRN00476,PO00476,302,2025-07-15
GRN00477,PO00477,378,2025-03-06
GRN00478,PO00478,312,2025-11-19
GRN00479,PO00479,1,2026-07-06
GRN00480,PO00480,630,2025-04-10
GRN00481,PO00481,113,2025-07-28
GRN00482,PO00482,104,2026-04-22
GRN00483,PO00483,105,2025-04-11
GRN00484,PO00484,46,2025-09-28
GRN00485,PO00485,6,2025-07-23
GRN00486,PO00486,114,2026-02-09
GRN00487,PO00487,669,2026-01-19
GRN00488,PO00488,218,2025-01-11
GRN00489,PO00489,22,2025-06-04
GRN00490,PO00490,56,2025-11-06
GRN00491,PO00491,553,2025-03-25
GRN00492,PO00492,649,2026-04-11
GRN00493,PO00493,78,2026-06-21
GRN00494,PO00494,22,2025-01-19
GRN00495,PO00495,68,2025-02-13
GRN00496,PO00496,175,2025-02-09
GRN00497,PO00497,163,2026-01-02
GRN00498,PO00498,90,2025-03-01
GRN00499,PO00499,373,2025-12-03
GRN00500,PO00500,36,2026-04-04
GRN00501,PO00501,23,2025-04-06
GRN00502,PO00502,719,2026-05-05
GRN00503,PO00503,658,2026-03-06
GRN00504,PO00504,392,2025-03-11
GRN00505,PO00505,432,2026-03-31
GRN00506,PO00506,322,2026-01-16
GRN00507,PO00507,175,2026-01-12
GRN00508,PO00508,278,2025-08-02
GRN00509,PO00509,94,2026-01-16
GRN00510,PO00510,103,2025-07-27
GRN00511,PO00511,631,2025-08-08
GRN00512,PO00512,62,2026-05-16
GRN00513,PO00513,49,2025-02-28
GRN00514,PO00514,304,2025-06-08
GRN00515,PO00515,511,2025-10-03
GRN00516,PO00516,749,2026-01-13
GRN00517,PO00517,621,2026-04-02
GRN00518,PO00518,471,2026-04-11
GRN00519,PO00519,294,2026-04-02
GRN00520,PO00520,138,2025-07-05
GRN00521,PO00521,77,2026-06-22
GRN00522,PO00522,217,2025-07-18
GRN00523,PO00523,71,2025-03-23
GRN00524,PO00524,646,2026-02-10
GRN00525,PO00525,148,2025-01-20
GRN00526,PO00526,232,2026-01-15
GRN00527,PO00527,154,2025-03-16
GRN00528,PO00528,240,2025-11-07
GRN00529,PO00529,48,2025-11-01
GRN00530,PO00530,431,2025-11-12
GRN00531,PO00531,298,2026-06-14
GRN00532,PO00532,762,2026-01-05
GRN00533,PO00533,37,2026-05-13
GRN00534,PO00534,675,2026-02-16
GRN00535,PO00535,768,2026-01-24
GRN00536,PO00536,573,2025-09-23
GRN00537,PO00537,353,2025-10-05
GRN00538,PO00538,364,2025-02-11
GRN00539,PO00539,462,2025-03-07
GRN00540,PO00540,42,2026-02-28
GRN00541,PO00541,195,2025-05-07
GRN00542,PO00542,354,2025-03-02
GRN00543,PO00543,262,2026-07-12
GRN00544,PO00544,810,2025-11-12
GRN00545,PO00545,507,2025-10-10
GRN00546,PO00546,548,2026-01-17
GRN00547,PO00547,434,2025-11-12
GRN00548,PO00548,124,2025-03-01
GRN00549,PO00549,571,2026-06-19
GRN00550,PO00550,408,2026-03-17
GRN00551,PO00551,774,2025-04-19
GRN00552,PO00552,95,2025-05-01
GRN00553,PO00553,515,2025-04-18
GRN00554,PO00554,118,2026-07-06
GRN00555,PO00555,135,2025-04-12
GRN00556,PO00556,21,2025-06-28
GRN00557,PO00557,542,2026-01-29
GRN00558,PO00558,50,2026-02-11
GRN00559,PO00559,391,2026-02-06
GRN00560,PO00560,370,2025-11-23
GRN00561,PO00561,229,2025-08-30
GRN00562,PO00562,42,2025-05-20
GRN00563,PO00563,287,2026-05-09
GRN00564,PO00564,231,2025-11-16
GRN00565,PO00565,9,2025-11-14
GRN00566,PO00566,16,2026-02-04
GRN00567,PO00567,74,2026-07-26
GRN00568,PO00568,560,2025-12-05
GRN00569,PO00569,102,2026-07-03
GRN00570,PO00570,449,2025-03-04
GRN00571,PO00571,92,2025-05-18
GRN00572,PO00572,414,2025-07-27
GRN00573,PO00573,429,2026-06-24
GRN00574,PO00574,199,2026-06-30
GRN00575,PO00575,70,2026-06-19
GRN00576,PO00576,392,2025-03-18
GRN00577,PO00577,730,2025-04-09
GRN00578,PO00578,3,2026-01-04
GRN00579,PO00579,559,2026-03-28
GRN00580,PO00580,72,2026-05-25
GRN00581,PO00581,150,2025-06-30
GRN00582,PO00582,41,2026-03-16
GRN00583,PO00583,411,2025-09-14
GRN00584,PO00584,222,2025-07-12
GRN00585,PO00585,373,2026-04-23
GRN00586,PO00586,185,2026-05-26
GRN00587,PO00587,230,2026-05-25
GRN00588,PO00588,192,2025-03-22
GRN00589,PO00589,436,2025-03-21
GRN00590,PO00590,175,2025-12-09
GRN00591,PO00591,334,2025-08-26
GRN00592,PO00592,132,2025-03-07
GRN00593,PO00593,194,2025-09-22
GRN00594,PO00594,16,2025-12-09
GRN00595,PO00595,264,2025-02-03
GRN00596,PO00596,83,2026-04-11
GRN00597,PO00597,204,2025-12-02
GRN00598,PO00598,462,2025-05-06
GRN00599,PO00599,100,2026-02-26
GRN00600,PO00600,93,2026-03-06
GRN00601,PO00601,242,2025-09-26
GRN00602,PO00602,754,2025-08-09
GRN00603,PO00603,83,2026-06-09
GRN00604,PO00604,75,2026-03-17
GRN00605,PO00605,78,2025-10-24
GRN00606,PO00606,361,2025-03-02
GRN00607,PO00607,172,2025-05-24
GRN00608,PO00608,142,2025-09-01
GRN00609,PO00609,100,2025-01-23
GRN00610,PO00610,593,2025-12-07
GRN00611,PO00611,221,2025-01-18
GRN00612,PO00612,211,2025-12-23
GRN00613,PO00613,366,2025-11-04
GRN00614,PO00614,132,2026-05-20
GRN00615,PO00615,270,2025-06-07
GRN00616,PO00616,215,2025-09-26
GRN00617,PO00617,373,2025-04-01
GRN00618,PO00618,125,2025-10-26
GRN00619,PO00619,335,2025-05-07
GRN00620,PO00620,243,2025-05-03
GRN00621,PO00621,32,2025-05-17
GRN00622,PO00622,612,2026-06-20
GRN00623,PO00623,408,2025-11-30
GRN00624,PO00624,657,2025-05-12
GRN00625,PO00625,218,2026-02-08
GRN00626,PO00626,173,2025-08-11
GRN00627,PO00627,259,2025-02-07
GRN00628,PO00628,835,2026-06-03
GRN00629,PO00629,87,2025-05-02
GRN00630,PO00630,211,2025-06-03
GRN00631,PO00631,571,2025-06-27
GRN00632,PO00632,386,2026-05-02
GRN00633,PO00633,25,2026-07-15
GRN00634,PO00634,341,2025-12-31
GRN00635,PO00635,579,2026-07-11
GRN00636,PO00636,60,2026-06-11
GRN00637,PO00637,14,2026-04-21
GRN00638,PO00638,122,2026-05-27
GRN00639,PO00639,51,2026-05-26
GRN00640,PO00640,636,2025-02-01
GRN00641,PO00641,439,2025-11-06
GRN00642,PO00642,283,2025-12-27
GRN00643,PO00643,99,2025-12-01
GRN00644,PO00644,179,2025-04-21
GRN00645,PO00645,108,2026-07-01
GRN00646,PO00646,362,2025-10-06
GRN00647,PO00647,90,2025-05-27
GRN00648,PO00648,179,2026-02-04
GRN00649,PO00649,298,2026-04-05
GRN00650,PO00650,35,2026-01-26
GRN00651,PO00651,21,2025-09-19
GRN00652,PO00652,288,2025-06-17
GRN00653,PO00653,1,2025-06-02
GRN00654,PO00654,422,2025-08-14
GRN00655,PO00655,359,2025-07-04
GRN00656,PO00656,527,2025-07-09
GRN00657,PO00657,431,2025-03-25
GRN00658,PO00658,372,2025-04-15
GRN00659,PO00659,208,2026-04-10
GRN00660,PO00660,231,2026-06-13
GRN00661,PO00661,407,2025-12-06
GRN00662,PO00662,55,2025-03-18
GRN00663,PO00663,206,2026-04-28
GRN00664,PO00664,324,2026-06-18
GRN00665,PO00665,80,2025-05-25
GRN00666,PO00666,621,2026-01-11
GRN00667,PO00667,779,2025-06-21
GRN00668,PO00668,490,2025-12-20
GRN00669,PO00669,312,2025-03-20
GRN00670,PO00670,45,2025-05-20
GRN00671,PO00671,59,2025-09-07
GRN00672,PO00672,239,2025-09-23
GRN00673,PO00673,150,2025-08-29
GRN00674,PO00674,382,2026-07-23
GRN00675,PO00675,42,2025-12-02
GRN00676,PO00676,306,2025-08-06
GRN00677,PO00677,164,2025-02-04
GRN00678,PO00678,156,2026-06-27
GRN00679,PO00679,20,2025-12-04
GRN00680,PO00680,268,2026-03-05
GRN00681,PO00681,647,2025-10-20
GRN00682,PO00682,137,2026-07-13
GRN00683,PO00683,485,2025-12-20
GRN00684,PO00684,182,2025-03-08
GRN00685,PO00685,616,2026-01-02
GRN00686,PO00686,26,2025-05-13
GRN00687,PO00687,374,2025-01-19
GRN00688,PO00688,32,2026-07-01
GRN00689,PO00689,398,2026-01-04
GRN00690,PO00690,284,2026-01-04
GRN00691,PO00691,220,2025-04-28
GRN00692,PO00692,302,2026-03-28
GRN00693,PO00693,608,2026-01-03
GRN00694,PO00694,190,2026-07-09
GRN00695,PO00695,3,2025-02-10
GRN00696,PO00696,829,2026-03-02
GRN00697,PO00697,1,2026-05-12
GRN00698,PO00698,234,2025-05-05
GRN00699,PO00699,9,2025-04-17
GRN00700,PO00700,211,2026-01-05
GRN00701,PO00701,159,2025-12-06
GRN00702,PO00702,578,2025-09-27
GRN00703,PO00703,64,2025-06-22
GRN00704,PO00704,449,2025-12-22
GRN00705,PO00705,206,2026-07-10
GRN00706,PO00706,49,2025-07-16
GRN00707,PO00707,55,2026-02-15
GRN00708,PO00708,203,2025-11-26
GRN00709,PO00709,337,2026-06-23
GRN00710,PO00710,354,2025-10-09
GRN00711,PO00711,242,2026-04-09
GRN00712,PO00712,85,2026-01-17
GRN00713,PO00713,63,2025-05-28
GRN00714,PO00714,151,2025-09-24
GRN00715,PO00715,66,2025-12-27
GRN00716,PO00716,253,2025-04-30
GRN00717,PO00717,36,2025-04-16
GRN00718,PO00718,24,2025-09-08
GRN00719,PO00719,104,2025-04-23
GRN00720,PO00720,862,2026-03-02
GRN00721,PO00721,45,2025-04-18
GRN00722,PO00722,595,2025-07-14
GRN00723,PO00723,403,2025-11-04
GRN00724,PO00724,106,2026-03-13
GRN00725,PO00725,50,2025-12-11
GRN00726,PO00726,227,2025-12-05
GRN00727,PO00727,73,2026-05-15
GRN00728,PO00728,31,2025-05-22
GRN00729,PO00729,481,2026-04-03
GRN00730,PO00730,344,2025-07-27
GRN00731,PO00731,437,2026-01-03
GRN00732,PO00732,133,2025-05-18
GRN00733,PO00733,63,2025-04-30
GRN00734,PO00734,364,2025-03-07
GRN00735,PO00735,66,2025-05-16
GRN00736,PO00736,39,2025-03-20
GRN00737,PO00737,354,2026-07-04
GRN00738,PO00738,474,2025-10-09
GRN00739,PO00739,231,2025-11-20
GRN00740,PO00740,35,2025-08-02
GRN00741,PO00741,279,2025-11-28
GRN00742,PO00742,173,2025-03-24
GRN00743,PO00743,239,2026-05-16
GRN00744,PO00744,445,2025-04-18
GRN00745,PO00745,107,2025-11-12
GRN00746,PO00746,222,2025-11-23
GRN00747,PO00747,297,2026-05-25
GRN00748,PO00748,46,2025-03-12
GRN00749,PO00749,21,2025-03-04
GRN00750,PO00750,20,2026-07-25
GRN00751,PO00751,439,2025-12-14
GRN00752,PO00752,328,2025-11-14
GRN00753,PO00753,252,2025-10-05
GRN00754,PO00754,411,2025-03-12
GRN00755,PO00755,4,2025-05-29
GRN00756,PO00756,346,2025-09-23
GRN00757,PO00757,53,2026-06-22
GRN00758,PO00758,78,2026-03-13
GRN00759,PO00759,570,2025-07-17
GRN00760,PO00760,443,2025-11-06
GRN00761,PO00761,178,2026-02-17
GRN00762,PO00762,521,2025-05-31
GRN00763,PO00763,365,2025-09-24
GRN00764,PO00764,220,2025-08-02
GRN00765,PO00765,292,2026-02-04
GRN00766,PO00766,355,2026-02-26
GRN00767,PO00767,117,2025-02-13
GRN00768,PO00768,440,2025-12-09
GRN00769,PO00769,141,2025-10-11
GRN00770,PO00770,371,2025-04-21
GRN00771,PO00771,345,2026-06-30
GRN00772,PO00772,553,2025-12-24
GRN00773,PO00773,54,2026-04-19
GRN00774,PO00774,439,2025-03-23
GRN00775,PO00775,53,2025-04-13
GRN00776,PO00776,21,2026-05-08
GRN00777,PO00777,530,2026-01-29
GRN00778,PO00778,46,2026-06-27
GRN00779,PO00779,397,2026-06-15
GRN00780,PO00780,246,2025-10-09
GRN00781,PO00781,44,2025-06-29
GRN00782,PO00782,303,2026-07-05
GRN00783,PO00783,299,2025-02-12
GRN00784,PO00784,258,2026-06-25
GRN00785,PO00785,198,2026-03-17
GRN00786,PO00786,523,2026-03-06
GRN00787,PO00787,151,2026-06-03
GRN00788,PO00788,296,2025-10-24
GRN00789,PO00789,882,2025-09-06
GRN00790,PO00790,114,2026-03-04
GRN00791,PO00791,496,2026-06-28
GRN00792,PO00792,651,2025-12-25
GRN00793,PO00793,209,2025-12-10
GRN00794,PO00794,606,2025-05-17
GRN00795,PO00795,92,2025-05-14
GRN00796,PO00796,268,2025-02-09
GRN00797,PO00797,75,2026-05-28
GRN00798,PO00798,560,2026-07-16
GRN00799,PO00799,108,2025-08-16
GRN00800,PO00800,35,2026-04-19
GRN00801,PO00801,28,2025-04-02
GRN00802,PO00802,578,2026-06-21
GRN00803,PO00803,179,2025-06-09
GRN00804,PO00804,319,2025-12-25
GRN00805,PO00805,783,2025-11-17
GRN00806,PO00806,128,2025-09-08
GRN00807,PO00807,242,2025-04-24
GRN00808,PO00808,617,2025-06-01
GRN00809,PO00809,514,2025-03-25
GRN00810,PO00810,400,2025-12-27
GRN00811,PO00811,200,2025-05-01
GRN00812,PO00812,643,2026-01-21
GRN00813,PO00813,29,2025-05-15
GRN00814,PO00814,277,2026-06-20
GRN00815,PO00815,28,2026-01-28
GRN00816,PO00816,40,2026-04-07
GRN00817,PO00817,271,2025-02-28
GRN00818,PO00818,36,2025-12-28
GRN00819,PO00819,265,2026-05-11
GRN00820,PO00820,142,2025-08-25
GRN00821,PO00821,633,2025-05-29
GRN00822,PO00822,23,2025-02-26
GRN00823,PO00823,35,2026-04-24
GRN00824,PO00824,9,2026-03-08
GRN00825,PO00825,505,2026-04-11
GRN00826,PO00826,153,2026-02-17
GRN00827,PO00827,327,2025-09-07
GRN00828,PO00828,555,2026-05-20
GRN00829,PO00829,508,2025-09-26
GRN00830,PO00830,245,2025-10-24
GRN00831,PO00831,309,2026-03-19
GRN00832,PO00832,483,2026-06-05
GRN00833,PO00833,56,2025-04-19
GRN00834,PO00834,44,2026-02-12
GRN00835,PO00835,318,2025-09-22
GRN00836,PO00836,151,2025-05-01
GRN00837,PO00837,199,2026-03-27
GRN00838,PO00838,404,2025-02-13
GRN00839,PO00839,170,2025-02-16
GRN00840,PO00840,26,2025-04-07
GRN00841,PO00841,223,2026-01-20
GRN00842,PO00842,124,2025-07-23
GRN00843,PO00843,39,2026-05-28
GRN00844,PO00844,620,2026-01-30
GRN00845,PO00845,122,2025-08-17
GRN00846,PO00846,439,2025-12-04
GRN00847,PO00847,378,2025-08-13
GRN00848,PO00848,55,2025-11-28
GRN00849,PO00849,809,2026-05-22
GRN00850,PO00850,59,2026-04-02
GRN00851,PO00851,281,2025-08-04
GRN00852,PO00852,120,2025-11-20
GRN00853,PO00853,596,2026-04-17
GRN00854,PO00854,118,2026-03-03
GRN00855,PO00855,53,2025-07-17
GRN00856,PO00856,304,2026-01-09
GRN00857,PO00857,187,2026-04-05
GRN00858,PO00858,142,2026-04-19
GRN00859,PO00859,56,2025-07-19
GRN00860,PO00860,539,2025-05-25
GRN00861,PO00861,243,2026-02-03
GRN00862,PO00862,267,2025-06-28
GRN00863,PO00863,564,2026-07-09
GRN00864,PO00864,300,2025-08-27
GRN00865,PO00865,533,2025-06-30
GRN00866,PO00866,163,2026-06-20
GRN00867,PO00867,136,2025-04-14
GRN00868,PO00868,342,2025-12-23
GRN00869,PO00869,91,2025-05-25
GRN00870,PO00870,684,2026-03-29
GRN00871,PO00871,144,2026-02-14
GRN00872,PO00872,151,2025-09-07
GRN00873,PO00873,221,2025-06-20
GRN00874,PO00874,223,2026-02-12
GRN00875,PO00875,357,2025-08-02
GRN00876,PO00876,90,2026-04-18
GRN00877,PO00877,50,2025-04-15
GRN00878,PO00878,375,2026-02-05
GRN00879,PO00879,210,2026-05-20
GRN00880,PO00880,647,2025-08-21
GRN00881,PO00881,265,2026-03-15
GRN00882,PO00882,225,2025-02-12
GRN00883,PO00883,93,2025-07-04
GRN00884,PO00884,187,2025-02-09
GRN00885,PO00885,243,2025-04-17
GRN00886,PO00886,50,2025-12-05
GRN00887,PO00887,397,2026-02-03
GRN00888,PO00888,238,2025-12-02
GRN00889,PO00889,423,2026-01-14
GRN00890,PO00890,82,2025-04-13
GRN00891,PO00891,35,2026-03-13
GRN00892,PO00892,462,2025-03-09
GRN00893,PO00893,248,2026-01-18
GRN00894,PO00894,197,2025-06-10
GRN00895,PO00895,212,2025-03-18
GRN00896,PO00896,444,2026-02-27
GRN00897,PO00897,243,2025-11-26
GRN00898,PO00898,158,2025-01-30
GRN00899,PO00899,285,2026-02-04
GRN00900,PO00900,13,2026-05-28
GRN00901,PO00901,248,2025-12-03
GRN00902,PO00902,439,2025-01-18
GRN00903,PO00903,201,2025-08-06
GRN00904,PO00904,200,2025-07-16
GRN00905,PO00905,74,2025-08-11
GRN00906,PO00906,685,2025-09-30
GRN00907,PO00907,33,2025-06-16
GRN00908,PO00908,120,2025-03-05
GRN00909,PO00909,80,2025-03-26
GRN00910,PO00910,263,2025-12-14
GRN00911,PO00911,47,2026-02-19
GRN00912,PO00912,394,2025-03-08
GRN00913,PO00913,104,2026-01-06
GRN00914,PO00914,213,2026-02-17
GRN00915,PO00915,786,2025-04-24
GRN00916,PO00916,367,2026-03-18
GRN00917,PO00917,216,2026-04-02
GRN00918,PO00918,267,2026-04-15
GRN00919,PO00919,541,2026-03-11
GRN00920,PO00920,260,2025-08-25
GRN00921,PO00921,582,2025-12-06
GRN00922,PO00922,428,2025-06-09
GRN00923,PO00923,332,2025-11-17
GRN00924,PO00924,130,2025-08-07
GRN00925,PO00925,770,2026-06-07
GRN00926,PO00926,45,2025-08-15
GRN00927,PO00927,469,2025-11-28
GRN00928,PO00928,370,2026-03-08
GRN00929,PO00929,445,2025-07-18
GRN00930,PO00930,253,2025-04-17
GRN00931,PO00931,401,2025-06-29
GRN00932,PO00932,816,2025-07-12
GRN00933,PO00933,17,2025-10-04
GRN00934,PO00934,252,2025-05-28
GRN00935,PO00935,515,2025-11-17
GRN00936,PO00936,373,2026-03-23
GRN00937,PO00937,11,2026-01-13
GRN00938,PO00938,368,2025-03-15
GRN00939,PO00939,280,2026-06-12
GRN00940,PO00940,264,2026-06-03
GRN00941,PO00941,24,2026-05-03
GRN00942,PO00942,42,2025-01-31
GRN00943,PO00943,410,2026-03-09
GRN00944,PO00944,266,2025-04-15
GRN00945,PO00945,365,2026-03-30
GRN00946,PO00946,92,2025-08-01
GRN00947,PO00947,504,2026-01-17
GRN00948,PO00948,720,2026-05-21
GRN00949,PO00949,46,2026-01-31
GRN00950,PO00950,261,2026-07-03
GRN00951,PO00951,268,2025-06-20
GRN00952,PO00952,318,2025-04-15
GRN00953,PO00953,186,2025-12-16
GRN00954,PO00954,41,2025-09-29
GRN00955,PO00955,82,2025-04-04
GRN00956,PO00956,102,2025-11-18
GRN00957,PO00957,235,2025-07-14
GRN00958,PO00958,217,2026-01-20
GRN00959,PO00959,310,2025-06-04
GRN00960,PO00960,3,2026-01-25
GRN00961,PO00961,11,2026-02-26
GRN00962,PO00962,48,2025-03-02
GRN00963,PO00963,405,2025-09-30
GRN00964,PO00964,100,2026-05-16
GRN00965,PO00965,186,2026-04-10
GRN00966,PO00966,149,2026-02-03
GRN00967,PO00967,560,2025-05-23
GRN00968,PO00968,203,2025-06-18
GRN00969,PO00969,74,2026-04-18
GRN00970,PO00970,357,2025-07-26
GRN00971,PO00971,422,2025-05-12
GRN00972,PO00972,399,2026-03-26
GRN00973,PO00973,615,2025-07-03
GRN00974,PO00974,193,2026-01-11
GRN00975,PO00975,772,2025-06-25
GRN00976,PO00976,23,2025-06-11
GRN00977,PO00977,267,2025-11-10
GRN00978,PO00978,230,2025-06-12
GRN00979,PO00979,145,2026-07-06
GRN00980,PO00980,40,2025-08-10
GRN00981,PO00981,81,2026-01-13
GRN00982,PO00982,160,2025-10-12
GRN00983,PO00983,64,2026-01-16
GRN00984,PO00984,58,2025-08-24
GRN00985,PO00985,76,2026-01-25
GRN00986,PO00986,188,2026-04-02
GRN00987,PO00987,43,2025-09-15
GRN00988,PO00988,102,2025-04-27
GRN00989,PO00989,186,2026-03-14
GRN00990,PO00990,213,2026-04-12
GRN00991,PO00991,23,2025-07-28
GRN00992,PO00992,52,2026-07-14
GRN00993,PO00993,73,2025-03-20
GRN00994,PO00994,264,2026-07-26
GRN00995,PO00995,46,2026-05-24
GRN00996,PO00996,543,2025-04-11
GRN00997,PO00997,117,2025-07-20
GRN00998,PO00998,59,2025-05-09
GRN00999,PO00999,244,2025-04-26
GRN01000,PO01000,171,2026-05-31
GRN01001,PO01001,42,2025-07-09
GRN01002,PO01002,281,2025-07-11
GRN01003,PO01003,186,2026-06-30
GRN01004,PO01004,204,2025-03-03
GRN01005,PO01005,254,2025-10-12
GRN01006,PO01006,312,2026-05-22
GRN01007,PO01007,211,2026-01-01
GRN01008,PO01008,209,2026-01-18
GRN01009,PO01009,20,2025-02-26
GRN01010,PO01010,282,2026-01-21
GRN01011,PO01011,203,2026-06-01
GRN01012,PO01012,42,2026-03-07
GRN01013,PO01013,14,2025-05-02
GRN01014,PO01014,259,2026-05-01
GRN01015,PO01015,185,2025-07-08
GRN01016,PO01016,217,2025-12-26
GRN01017,PO01017,14,2026-01-28
GRN01018,PO01018,14,2025-03-12
GRN01019,PO01019,454,2026-05-20
GRN01020,PO01020,848,2025-10-16
GRN01021,PO01021,252,2026-06-02
GRN01022,PO01022,85,2025-02-23
GRN01023,PO01023,155,2025-10-30
GRN01024,PO01024,35,2025-03-29
GRN01025,PO01025,248,2025-02-14
GRN01026,PO01026,38,2026-05-22
GRN01027,PO01027,404,2025-12-24
GRN01028,PO01028,142,2025-10-31
GRN01029,PO01029,198,2025-05-17
GRN01030,PO01030,142,2026-02-06
GRN01031,PO01031,50,2025-04-22
GRN01032,PO01032,25,2025-09-09
GRN01033,PO01033,327,2025-10-01
GRN01034,PO01034,286,2025-09-26
GRN01035,PO01035,387,2026-07-15
GRN01036,PO01036,335,2025-03-22
GRN01037,PO01037,232,2025-08-19
GRN01038,PO01038,235,2025-12-23
GRN01039,PO01039,107,2025-05-08
GRN01040,PO01040,3,2025-02-17
GRN01041,PO01041,392,2026-04-11
GRN01042,PO01042,33,2025-11-06
GRN01043,PO01043,311,2025-12-29
GRN01044,PO01044,716,2025-09-22
GRN01045,PO01045,120,2025-08-05
GRN01046,PO01046,298,2025-11-14
GRN01047,PO01047,412,2026-07-04
GRN01048,PO01048,69,2025-08-19
GRN01049,PO01049,135,2026-03-01
GRN01050,PO01050,679,2025-09-16
GRN01051,PO01051,578,2026-04-03
GRN01052,PO01052,317,2026-03-07
GRN01053,PO01053,74,2025-05-21
GRN01054,PO01054,418,2025-10-25
GRN01055,PO01055,310,2025-04-17
GRN01056,PO01056,621,2025-12-27
GRN01057,PO01057,28,2025-10-28
GRN01058,PO01058,330,2026-07-16
GRN01059,PO01059,750,2026-05-29
GRN01060,PO01060,134,2026-05-26
GRN01061,PO01061,151,2025-12-28
GRN01062,PO01062,462,2026-01-28
GRN01063,PO01063,630,2025-04-07
GRN01064,PO01064,199,2025-05-23
GRN01065,PO01065,409,2025-08-14
GRN01066,PO01066,27,2026-01-25
GRN01067,PO01067,39,2025-02-02
GRN01068,PO01068,347,2025-07-25
GRN01069,PO01069,70,2025-11-13
GRN01070,PO01070,541,2025-12-16
GRN01071,PO01071,241,2025-10-10
GRN01072,PO01072,162,2025-03-20
GRN01073,PO01073,19,2025-12-08
GRN01074,PO01074,332,2026-05-14
GRN01075,PO01075,451,2025-02-24
GRN01076,PO01076,584,2026-06-05
GRN01077,PO01077,229,2026-07-11
GRN01078,PO01078,447,2025-07-12
GRN01079,PO01079,44,2025-09-17
GRN01080,PO01080,169,2025-05-10
GRN01081,PO01081,74,2025-12-10
GRN01082,PO01082,566,2025-12-27
GRN01083,PO01083,86,2025-10-15
GRN01084,PO01084,11,2025-04-10
GRN01085,PO01085,338,2026-01-20
GRN01086,PO01086,26,2025-07-21
GRN01087,PO01087,644,2025-11-23
GRN01088,PO01088,366,2025-03-09
GRN01089,PO01089,625,2025-10-02
GRN01090,PO01090,31,2025-09-03
GRN01091,PO01091,49,2025-08-08
GRN01092,PO01092,81,2025-11-11
GRN01093,PO01093,379,2026-02-07
GRN01094,PO01094,84,2025-03-26
GRN01095,PO01095,124,2025-12-01
GRN01096,PO01096,61,2025-05-28
GRN01097,PO01097,299,2026-05-20
GRN01098,PO01098,166,2026-07-07
GRN01099,PO01099,545,2025-11-05
GRN01100,PO01100,60,2025-04-27
GRN01101,PO01101,37,2025-12-24
GRN01102,PO01102,120,2025-05-06
GRN01103,PO01103,79,2026-03-11
GRN01104,PO01104,450,2026-07-02
GRN01105,PO01105,680,2025-09-04
GRN01106,PO01106,819,2025-10-18
GRN01107,PO01107,215,2025-09-18
GRN01108,PO01108,461,2026-03-10
GRN01109,PO01109,128,2026-01-26
GRN01110,PO01110,414,2025-05-03
GRN01111,PO01111,64,2025-09-28
GRN01112,PO01112,695,2025-03-27
GRN01113,PO01113,345,2025-06-30
GRN01114,PO01114,14,2025-11-09
GRN01115,PO01115,73,2026-06-11
GRN01116,PO01116,636,2025-02-15
GRN01117,PO01117,155,2026-04-10
GRN01118,PO01118,162,2025-11-12
GRN01119,PO01119,38,2025-09-22
GRN01120,PO01120,56,2026-03-20
GRN01121,PO01121,270,2025-06-23
GRN01122,PO01122,321,2026-01-11
GRN01123,PO01123,35,2025-09-20
GRN01124,PO01124,372,2026-04-11
GRN01125,PO01125,450,2025-05-13
GRN01126,PO01126,275,2025-03-30
GRN01127,PO01127,159,2025-06-07
GRN01128,PO01128,449,2025-12-09
GRN01129,PO01129,367,2025-05-23
GRN01130,PO01130,69,2026-07-17
GRN01131,PO01131,295,2025-09-01
GRN01132,PO01132,386,2026-02-24
GRN01133,PO01133,536,2025-08-29
GRN01134,PO01134,229,2025-09-16
GRN01135,PO01135,70,2025-05-21
GRN01136,PO01136,451,2025-06-03
GRN01137,PO01137,280,2025-09-04
GRN01138,PO01138,84,2025-10-01
GRN01139,PO01139,896,2025-05-01
GRN01140,PO01140,222,2025-10-07
GRN01141,PO01141,337,2025-03-21
GRN01142,PO01142,51,2025-02-12
GRN01143,PO01143,107,2026-02-07
GRN01144,PO01144,44,2025-06-22
GRN01145,PO01145,38,2025-12-07
GRN01146,PO01146,578,2025-12-20
GRN01147,PO01147,138,2025-11-19
GRN01148,PO01148,139,2025-12-18
GRN01149,PO01149,188,2025-11-23
GRN01150,PO01150,111,2026-02-08
GRN01151,PO01151,645,2026-06-20
GRN01152,PO01152,324,2026-06-20
GRN01153,PO01153,245,2025-08-11
GRN01154,PO01154,114,2025-05-15
GRN01155,PO01155,139,2026-01-29
GRN01156,PO01156,455,2025-03-03
GRN01157,PO01157,95,2025-03-11
GRN01158,PO01158,16,2026-04-27
GRN01159,PO01159,148,2025-04-09
GRN01160,PO01160,195,2026-02-16
GRN01161,PO01161,908,2026-05-04
GRN01162,PO01162,28,2025-02-24
GRN01163,PO01163,503,2025-08-10
GRN01164,PO01164,194,2026-03-21
GRN01165,PO01165,12,2025-02-05
GRN01166,PO01166,139,2025-10-31
GRN01167,PO01167,98,2026-06-03
GRN01168,PO01168,86,2026-01-03
GRN01169,PO01169,240,2025-12-13
GRN01170,PO01170,522,2025-03-15
GRN01171,PO01171,370,2025-02-11
GRN01172,PO01172,758,2025-07-04
GRN01173,PO01173,546,2025-06-26
GRN01174,PO01174,9,2025-12-03
GRN01175,PO01175,74,2025-10-23
GRN01176,PO01176,483,2025-11-14
GRN01177,PO01177,265,2026-05-16
GRN01178,PO01178,211,2026-03-04
GRN01179,PO01179,286,2025-09-11
GRN01180,PO01180,760,2026-07-14
GRN01181,PO01181,404,2026-04-18
GRN01182,PO01182,354,2025-05-15
GRN01183,PO01183,21,2025-01-19
GRN01184,PO01184,69,2026-03-25
GRN01185,PO01185,133,2026-06-28
GRN01186,PO01186,463,2025-10-03
GRN01187,PO01187,368,2025-03-27
GRN01188,PO01188,341,2025-02-03
GRN01189,PO01189,293,2025-05-08
GRN01190,PO01190,427,2026-04-11
GRN01191,PO01191,649,2026-04-02
GRN01192,PO01192,519,2025-07-12
GRN01193,PO01193,480,2025-03-27
GRN01194,PO01194,33,2025-01-28
GRN01195,PO01195,213,2025-12-08
GRN01196,PO01196,33,2025-04-06
GRN01197,PO01197,478,2025-04-25
GRN01198,PO01198,88,2025-09-29
GRN01199,PO01199,212,2026-06-27
GRN01200,PO01200,475,2025-06-30
GRN01201,PO01201,112,2026-05-07
GRN01202,PO01202,31,2025-03-22
GRN01203,PO01203,388,2026-02-17
GRN01204,PO01204,192,2025-09-24
GRN01205,PO01205,10,2025-07-20
GRN01206,PO01206,24,2025-11-08
GRN01207,PO01207,51,2025-10-14
GRN01208,PO01208,324,2025-10-28
GRN01209,PO01209,487,2026-04-14
GRN01210,PO01210,788,2025-07-19
GRN01211,PO01211,195,2025-02-20
GRN01212,PO01212,29,2025-08-28
GRN01213,PO01213,112,2026-03-16
GRN01214,PO01214,42,2026-02-09
GRN01215,PO01215,83,2025-05-30
GRN01216,PO01216,339,2025-09-07
GRN01217,PO01217,14,2025-07-07
GRN01218,PO01218,0,2025-09-03
GRN01219,PO01219,31,2025-05-25
GRN01220,PO01220,34,2025-12-26
GRN01221,PO01221,628,2025-09-29
GRN01222,PO01222,22,2025-07-04
GRN01223,PO01223,525,2025-09-21
GRN01224,PO01224,182,2026-06-09
GRN01225,PO01225,218,2025-05-07
GRN01226,PO01226,458,2025-07-18
GRN01227,PO01227,356,2025-11-12
GRN01228,PO01228,185,2026-03-01
GRN01229,PO01229,346,2025-12-20
GRN01230,PO01230,18,2025-08-12
GRN01231,PO01231,218,2025-07-30
GRN01232,PO01232,290,2026-01-16
GRN01233,PO01233,296,2025-03-04
GRN01234,PO01234,756,2026-05-17
GRN01235,PO01235,46,2025-06-14
GRN01236,PO01236,112,2026-02-16
GRN01237,PO01237,324,2026-05-04
GRN01238,PO01238,121,2026-04-06
GRN01239,PO01239,643,2026-03-20
GRN01240,PO01240,166,2025-12-27
GRN01241,PO01241,812,2025-03-30
GRN01242,PO01242,224,2025-12-29
GRN01243,PO01243,414,2025-06-11
GRN01244,PO01244,64,2025-10-07
GRN01245,PO01245,25,2025-02-15
GRN01246,PO01246,407,2026-06-20
GRN01247,PO01247,66,2025-01-16
GRN01248,PO01248,104,2025-03-17
GRN01249,PO01249,0,2026-02-16
GRN01250,PO01250,167,2025-05-05
GRN01251,PO01251,653,2025-07-22
GRN01252,PO01252,350,2026-02-22
GRN01253,PO01253,958,2025-09-11
GRN01254,PO01254,197,2025-04-05
GRN01255,PO01255,39,2025-12-14
GRN01256,PO01256,493,2025-07-19
GRN01257,PO01257,25,2026-07-12
GRN01258,PO01258,205,2025-04-04
GRN01259,PO01259,2,2025-04-14
GRN01260,PO01260,275,2026-06-17
GRN01261,PO01261,16,2025-08-27
GRN01262,PO01262,533,2025-08-17
GRN01263,PO01263,723,2025-08-17
GRN01264,PO01264,346,2026-07-09
GRN01265,PO01265,512,2025-11-12
GRN01266,PO01266,160,2025-03-25
GRN01267,PO01267,235,2025-03-10
GRN01268,PO01268,394,2026-03-17
GRN01269,PO01269,70,2025-08-06
GRN01270,PO01270,425,2026-04-24
GRN01271,PO01271,38,2026-03-31
GRN01272,PO01272,765,2026-04-15
GRN01273,PO01273,462,2025-08-31
GRN01274,PO01274,568,2025-04-21
GRN01275,PO01275,310,2026-02-14
GRN01276,PO01276,74,2026-02-02
GRN01277,PO01277,633,2025-04-01
GRN01278,PO01278,295,2025-07-31
GRN01279,PO01279,199,2025-12-27
GRN01280,PO01280,167,2025-11-11
GRN01281,PO01281,100,2025-05-17
GRN01282,PO01282,599,2026-04-27
GRN01283,PO01283,191,2026-03-08
GRN01284,PO01284,165,2026-01-14
GRN01285,PO01285,778,2025-03-15
GRN01286,PO01286,236,2026-04-17
GRN01287,PO01287,624,2025-09-22
GRN01288,PO01288,545,2026-04-11
GRN01289,PO01289,97,2025-10-06
GRN01290,PO01290,180,2026-01-16
GRN01291,PO01291,98,2025-10-14
GRN01292,PO01292,135,2026-02-04
GRN01293,PO01293,155,2026-02-10
GRN01294,PO01294,883,2025-11-04
GRN01295,PO01295,737,2025-10-16
GRN01296,PO01296,32,2026-03-29
GRN01297,PO01297,164,2025-05-31
GRN01298,PO01298,425,2025-07-16
GRN01299,PO01299,71,2026-04-24
GRN01300,PO01300,558,2026-01-06
GRN01301,PO01301,659,2026-06-22
GRN01302,PO01302,16,2025-08-25
GRN01303,PO01303,399,2025-10-26
GRN01304,PO01304,112,2025-06-05
GRN01305,PO01305,421,2025-03-05
GRN01306,PO01306,117,2026-01-26
GRN01307,PO01307,736,2026-01-07
GRN01308,PO01308,188,2025-04-13
GRN01309,PO01309,106,2025-04-17
GRN01310,PO01310,277,2025-01-28
GRN01311,PO01311,43,2025-06-01
GRN01312,PO01312,422,2026-02-24
GRN01313,PO01313,123,2025-08-28
GRN01314,PO01314,112,2026-04-23
GRN01315,PO01315,28,2025-08-08
GRN01316,PO01316,611,2025-10-31
GRN01317,PO01317,9,2025-04-18
GRN01318,PO01318,226,2025-04-02
GRN01319,PO01319,242,2026-04-28
GRN01320,PO01320,49,2025-03-28
GRN01321,PO01321,84,2025-06-05
GRN01322,PO01322,95,2025-01-25
GRN01323,PO01323,104,2025-09-19
GRN01324,PO01324,469,2025-11-17
GRN01325,PO01325,139,2025-07-06
GRN01326,PO01326,20,2026-06-29
GRN01327,PO01327,362,2025-03-30
GRN01328,PO01328,159,2025-10-13
GRN01329,PO01329,302,2025-12-07
GRN01330,PO01330,363,2025-03-24
GRN01331,PO01331,195,2025-05-15
GRN01332,PO01332,99,2025-06-03
GRN01333,PO01333,716,2025-02-16
GRN01334,PO01334,627,2025-04-22
GRN01335,PO01335,721,2026-07-18
GRN01336,PO01336,519,2026-01-05
GRN01337,PO01337,153,2025-03-18
GRN01338,PO01338,175,2025-08-01
GRN01339,PO01339,148,2025-12-11
GRN01340,PO01340,818,2025-09-06
GRN01341,PO01341,64,2026-04-09
GRN01342,PO01342,78,2026-02-19
GRN01343,PO01343,77,2025-02-03
GRN01344,PO01344,61,2025-01-12
GRN01345,PO01345,590,2025-08-26
GRN01346,PO01346,123,2025-08-11
GRN01347,PO01347,362,2026-06-13
GRN01348,PO01348,804,2026-07-06
GRN01349,PO01349,330,2025-05-17
GRN01350,PO01350,61,2025-09-16
GRN01351,PO01351,431,2025-09-10
GRN01352,PO01352,524,2025-05-05
GRN01353,PO01353,18,2025-09-15
GRN01354,PO01354,505,2025-06-27
GRN01355,PO01355,97,2025-05-28
GRN01356,PO01356,395,2026-04-07
GRN01357,PO01357,150,2025-10-19
GRN01358,PO01358,54,2025-06-29
GRN01359,PO01359,454,2025-08-30
GRN01360,PO01360,243,2026-03-17
GRN01361,PO01361,368,2026-08-09
GRN01362,PO01362,73,2026-06-08
GRN01363,PO01363,136,2025-04-28
GRN01364,PO01364,150,2025-02-19
GRN01365,PO01365,35,2025-06-20
GRN01366,PO01366,123,2025-12-27
GRN01367,PO01367,257,2026-04-14
GRN01368,PO01368,294,2026-03-20
GRN01369,PO01369,33,2025-07-12
GRN01370,PO01370,636,2025-05-03
GRN01371,PO01371,62,2025-03-22
GRN01372,PO01372,564,2025-09-08
GRN01373,PO01373,109,2025-10-07
GRN01374,PO01374,109,2025-11-02
GRN01375,PO01375,641,2025-08-29
GRN01376,PO01376,319,2025-06-28
GRN01377,PO01377,69,2026-02-12
GRN01378,PO01378,661,2026-05-17
GRN01379,PO01379,331,2025-07-27
GRN01380,PO01380,194,2026-02-23
GRN01381,PO01381,215,2025-04-19
GRN01382,PO01382,188,2025-01-27
GRN01383,PO01383,44,2025-02-04
GRN01384,PO01384,536,2026-03-21
GRN01385,PO01385,72,2026-06-30
GRN01386,PO01386,212,2025-02-15
GRN01387,PO01387,105,2026-01-07
GRN01388,PO01388,357,2025-07-09
GRN01389,PO01389,25,2026-03-11
GRN01390,PO01390,546,2026-06-22
GRN01391,PO01391,105,2025-02-16
GRN01392,PO01392,321,2025-03-15
GRN01393,PO01393,58,2025-11-21
GRN01394,PO01394,251,2025-07-08
GRN01395,PO01395,379,2025-08-21
GRN01396,PO01396,215,2026-01-02
GRN01397,PO01397,120,2025-09-05
GRN01398,PO01398,149,2026-06-02
GRN01399,PO01399,504,2025-12-05
GRN01400,PO01400,191,2025-07-02
GRN01401,PO01401,32,2025-04-06
GRN01402,PO01402,199,2025-04-08
GRN01403,PO01403,31,2026-01-12
GRN01404,PO01404,350,2025-11-11
GRN01405,PO01405,134,2026-01-02
GRN01406,PO01406,355,2025-03-12
GRN01407,PO01407,109,2026-06-05
GRN01408,PO01408,544,2025-09-13
GRN01409,PO01409,460,2025-12-19
GRN01410,PO01410,346,2025-06-09
GRN01411,PO01411,56,2025-02-11
GRN01412,PO01412,78,2025-11-02
GRN01413,PO01413,277,2025-07-05
GRN01414,PO01414,64,2025-03-07
GRN01415,PO01415,96,2025-12-04
GRN01416,PO01416,239,2025-09-06
GRN01417,PO01417,5,2025-08-18
GRN01418,PO01418,389,2026-05-08
GRN01419,PO01419,404,2026-01-08
GRN01420,PO01420,204,2026-03-22
GRN01421,PO01421,39,2026-01-30
GRN01422,PO01422,458,2025-07-09
GRN01423,PO01423,52,2026-01-14
GRN01424,PO01424,370,2025-03-17
GRN01425,PO01425,332,2025-05-13
GRN01426,PO01426,196,2025-08-03
GRN01427,PO01427,237,2025-12-14
GRN01428,PO01428,79,2025-03-07
GRN01429,PO01429,211,2025-01-12
GRN01430,PO01430,19,2025-07-24
GRN01431,PO01431,230,2025-05-19
GRN01432,PO01432,388,2025-05-13
GRN01433,PO01433,321,2026-06-13
GRN01434,PO01434,257,2026-02-08
GRN01435,PO01435,132,2025-10-28
GRN01436,PO01436,5,2026-05-05
GRN01437,PO01437,203,2025-12-30
GRN01438,PO01438,60,2026-01-22
GRN01439,PO01439,53,2025-04-02
GRN01440,PO01440,283,2026-03-17
GRN01441,PO01441,238,2026-05-28
GRN01442,PO01442,77,2025-04-25
GRN01443,PO01443,132,2025-10-30
GRN01444,PO01444,737,2025-08-16
GRN01445,PO01445,50,2025-04-01
GRN01446,PO01446,341,2026-03-12
GRN01447,PO01447,121,2026-06-05
GRN01448,PO01448,319,2025-07-30
GRN01449,PO01449,110,2026-05-02
GRN01450,PO01450,72,2025-10-15
GRN01451,PO01451,86,2026-02-08
GRN01452,PO01452,90,2025-05-05
GRN01453,PO01453,143,2025-11-05
GRN01454,PO01454,694,2025-04-28
GRN01455,PO01455,662,2025-09-11
GRN01456,PO01456,85,2025-06-06
GRN01457,PO01457,438,2025-03-14
GRN01458,PO01458,336,2025-12-03
GRN01459,PO01459,43,2026-02-05
GRN01460,PO01460,686,2025-12-09
GRN01461,PO01461,30,2025-03-25
GRN01462,PO01462,21,2026-01-29
GRN01463,PO01463,128,2025-01-20
GRN01464,PO01464,3,2025-11-13
GRN01465,PO01465,722,2026-07-02
GRN01466,PO01466,512,2025-10-02
GRN01467,PO01467,11,2025-02-27
GRN01468,PO01468,593,2025-05-29
GRN01469,PO01469,48,2025-05-03
GRN01470,PO01470,414,2025-04-09
GRN01471,PO01471,408,2025-10-01
GRN01472,PO01472,882,2026-02-13
GRN01473,PO01473,414,2025-05-24
GRN01474,PO01474,247,2025-07-15
GRN01475,PO01475,129,2026-01-14
GRN01476,PO01476,502,2025-11-08
GRN01477,PO01477,151,2025-12-02
GRN01478,PO01478,28,2026-06-05
GRN01479,PO01479,648,2026-03-08
GRN01480,PO01480,421,2026-06-15
GRN01481,PO01481,62,2026-04-05
GRN01482,PO01482,233,2025-08-21
GRN01483,PO01483,111,2026-01-06
GRN01484,PO01484,257,2026-05-02
GRN01485,PO01485,344,2026-07-13
GRN01486,PO01486,211,2025-08-13
GRN01487,PO01487,37,2025-05-26
GRN01488,PO01488,382,2025-11-17
GRN01489,PO01489,17,2026-07-19
GRN01490,PO01490,474,2025-11-28
GRN01491,PO01491,109,2025-08-02
GRN01492,PO01492,100,2025-05-19
GRN01493,PO01493,267,2025-08-30
GRN01494,PO01494,136,2026-01-24
GRN01495,PO01495,616,2025-07-02
GRN01496,PO01496,79,2025-12-13
GRN01497,PO01497,643,2025-12-06
GRN01498,PO01498,193,2025-11-12
GRN01499,PO01499,306,2026-06-02
GRN01500,PO01500,129,2026-02-25
GRN01501,PO01501,82,2025-04-15
GRN01502,PO01502,501,2026-01-15
GRN01503,PO01503,199,2025-11-22
GRN01504,PO01504,148,2025-04-28
GRN01505,PO01505,521,2025-11-21
GRN01506,PO01506,107,2025-11-12
GRN01507,PO01507,105,2025-12-04
GRN01508,PO01508,630,2025-01-29
GRN01509,PO01509,126,2025-09-08
GRN01510,PO01510,13,2025-07-31
GRN01511,PO01511,72,2025-07-04
GRN01512,PO01512,30,2025-04-28
GRN01513,PO01513,180,2025-12-09
GRN01514,PO01514,64,2025-08-10
GRN01515,PO01515,414,2026-03-10
GRN01516,PO01516,63,2025-10-12
GRN01517,PO01517,718,2026-06-04
GRN01518,PO01518,268,2025-02-09
GRN01519,PO01519,169,2026-02-15
GRN01520,PO01520,367,2025-02-19
GRN01521,PO01521,41,2025-11-09
GRN01522,PO01522,5,2025-08-13
GRN01523,PO01523,497,2025-01-29
GRN01524,PO01524,503,2025-10-25
GRN01525,PO01525,35,2026-01-14
GRN01526,PO01526,131,2025-12-04
GRN01527,PO01527,52,2025-05-10
GRN01528,PO01528,67,2026-07-25
GRN01529,PO01529,25,2026-02-16
GRN01530,PO01530,47,2025-10-25
GRN01531,PO01531,297,2026-04-08
GRN01532,PO01532,132,2025-11-25
GRN01533,PO01533,56,2025-03-08
GRN01534,PO01534,293,2025-10-21
GRN01535,PO01535,171,2025-07-15
GRN01536,PO01536,122,2025-05-06
GRN01537,PO01537,8,2026-07-10
GRN01538,PO01538,171,2025-12-19
GRN01539,PO01539,1,2025-11-18
GRN01540,PO01540,23,2025-04-14
GRN01541,PO01541,15,2026-04-01
GRN01542,PO01542,233,2025-04-17
GRN01543,PO01543,375,2026-06-13
GRN01544,PO01544,440,2025-10-05
GRN01545,PO01545,433,2025-07-12
GRN01546,PO01546,51,2025-05-10
GRN01547,PO01547,15,2025-02-23
GRN01548,PO01548,59,2026-06-12
GRN01549,PO01549,747,2026-01-06
GRN01550,PO01550,53,2025-02-13
GRN01551,PO01551,413,2026-06-16
GRN01552,PO01552,528,2025-12-16
GRN01553,PO01553,140,2026-06-23
GRN01554,PO01554,188,2025-03-28
GRN01555,PO01555,385,2026-02-28
GRN01556,PO01556,150,2025-05-17
GRN01557,PO01557,110,2025-06-03
GRN01558,PO01558,128,2025-10-23
GRN01559,PO01559,2,2025-09-10
GRN01560,PO01560,399,2026-03-13
GRN01561,PO01561,395,2025-12-15
GRN01562,PO01562,92,2025-06-13
GRN01563,PO01563,377,2026-05-21
GRN01564,PO01564,265,2025-06-15
GRN01565,PO01565,231,2026-01-10
GRN01566,PO01566,393,2025-05-14
GRN01567,PO01567,346,2025-12-08
GRN01568,PO01568,25,2025-02-09
GRN01569,PO01569,671,2025-11-25
GRN01570,PO01570,8,2025-09-19
GRN01571,PO01571,416,2025-12-16
GRN01572,PO01572,45,2026-07-06
GRN01573,PO01573,81,2025-07-09
GRN01574,PO01574,2,2025-10-26
GRN01575,PO01575,216,2026-05-08
GRN01576,PO01576,369,2025-04-21
GRN01577,PO01577,530,2025-06-14
GRN01578,PO01578,415,2025-05-23
GRN01579,PO01579,650,2025-06-23
GRN01580,PO01580,493,2025-02-17
GRN01581,PO01581,306,2025-12-10
GRN01582,PO01582,9,2026-03-20
GRN01583,PO01583,40,2025-06-15
GRN01584,PO01584,53,2025-11-20
GRN01585,PO01585,505,2025-03-05
GRN01586,PO01586,310,2025-10-25
GRN01587,PO01587,345,2025-06-03
GRN01588,PO01588,626,2025-08-19
GRN01589,PO01589,44,2025-12-17
GRN01590,PO01590,229,2025-12-12
GRN01591,PO01591,8,2025-10-02
GRN01592,PO01592,192,2025-06-21
GRN01593,PO01593,256,2026-06-26
GRN01594,PO01594,260,2025-11-27
GRN01595,PO01595,575,2025-12-12
GRN01596,PO01596,82,2026-07-15
GRN01597,PO01597,224,2025-10-04
GRN01598,PO01598,126,2025-10-13
GRN01599,PO01599,32,2025-04-30
GRN01600,PO01600,354,2026-03-31
GRN01601,PO01601,404,2025-07-29
GRN01602,PO01602,258,2025-09-09
GRN01603,PO01603,249,2025-02-06
GRN01604,PO01604,277,2026-03-15
GRN01605,PO01605,337,2026-01-31
GRN01606,PO01606,293,2025-12-31
GRN01607,PO01607,513,2025-07-11
GRN01608,PO01608,103,2026-06-23
GRN01609,PO01609,184,2025-11-09
GRN01610,PO01610,466,2025-12-07
GRN01611,PO01611,342,2026-07-10
GRN01612,PO01612,241,2025-10-22
GRN01613,PO01613,113,2026-02-28
GRN01614,PO01614,110,2025-02-02
GRN01615,PO01615,61,2025-04-13
GRN01616,PO01616,35,2025-03-30
GRN01617,PO01617,136,2026-04-10
GRN01618,PO01618,838,2025-06-27
GRN01619,PO01619,116,2025-08-03
GRN01620,PO01620,786,2026-07-08
GRN01621,PO01621,673,2025-10-24
GRN01622,PO01622,66,2025-12-16
GRN01623,PO01623,379,2025-08-01
GRN01624,PO01624,158,2025-12-19
GRN01625,PO01625,497,2025-09-26
GRN01626,PO01626,74,2026-07-04
GRN01627,PO01627,595,2025-08-25
GRN01628,PO01628,381,2025-05-19
GRN01629,PO01629,687,2025-08-08
GRN01630,PO01630,23,2025-07-20
GRN01631,PO01631,25,2025-05-10
GRN01632,PO01632,292,2026-06-10
GRN01633,PO01633,116,2025-05-31
GRN01634,PO01634,146,2025-10-27
GRN01635,PO01635,32,2026-01-16
GRN01636,PO01636,216,2026-02-01
GRN01637,PO01637,237,2025-11-09
GRN01638,PO01638,17,2025-11-13
GRN01639,PO01639,461,2025-10-16
GRN01640,PO01640,460,2025-06-15
GRN01641,PO01641,77,2025-11-08
GRN01642,PO01642,372,2025-07-03
GRN01643,PO01643,453,2026-05-28
GRN01644,PO01644,142,2025-09-16
GRN01645,PO01645,0,2025-11-15
GRN01646,PO01646,484,2025-03-28
GRN01647,PO01647,115,2025-07-29
GRN01648,PO01648,450,2025-09-06
GRN01649,PO01649,550,2025-09-11
GRN01650,PO01650,170,2025-03-20
GRN01651,PO01651,174,2026-02-14
GRN01652,PO01652,41,2026-01-05
GRN01653,PO01653,83,2025-12-06
GRN01654,PO01654,223,2025-05-13
GRN01655,PO01655,114,2026-06-15
GRN01656,PO01656,483,2026-01-03
GRN01657,PO01657,410,2025-03-07
GRN01658,PO01658,7,2025-08-15
GRN01659,PO01659,96,2025-08-29
GRN01660,PO01660,2,2026-02-04
GRN01661,PO01661,108,2025-09-22
GRN01662,PO01662,226,2025-08-10
GRN01663,PO01663,427,2026-05-29
GRN01664,PO01664,273,2025-07-08
GRN01665,PO01665,81,2025-11-14
GRN01666,PO01666,260,2026-03-16
GRN01667,PO01667,320,2026-06-23
GRN01668,PO01668,562,2025-05-19
GRN01669,PO01669,70,2026-04-07
GRN01670,PO01670,14,2026-06-12
GRN01671,PO01671,558,2025-12-14
GRN01672,PO01672,55,2026-05-04
GRN01673,PO01673,15,2025-09-05
GRN01674,PO01674,281,2026-05-14
GRN01675,PO01675,323,2025-07-23
GRN01676,PO01676,90,2025-03-29
GRN01677,PO01677,135,2026-05-05
GRN01678,PO01678,92,2026-06-10
GRN01679,PO01679,56,2025-07-13
GRN01680,PO01680,570,2025-03-16
GRN01681,PO01681,69,2025-08-05
GRN01682,PO01682,659,2025-10-23
GRN01683,PO01683,5,2025-07-04
GRN01684,PO01684,4,2025-12-04
GRN01685,PO01685,247,2026-02-05
GRN01686,PO01686,41,2025-09-21
GRN01687,PO01687,251,2025-04-01
GRN01688,PO01688,224,2026-01-09
GRN01689,PO01689,237,2025-04-07
GRN01690,PO01690,143,2025-07-21
GRN01691,PO01691,84,2026-01-28
GRN01692,PO01692,287,2025-07-10
GRN01693,PO01693,354,2026-05-06
GRN01694,PO01694,132,2025-06-20
GRN01695,PO01695,76,2025-11-21
GRN01696,PO01696,412,2026-01-29
GRN01697,PO01697,528,2025-09-01
GRN01698,PO01698,131,2025-05-17
GRN01699,PO01699,60,2026-06-13
GRN01700,PO01700,284,2025-07-07
GRN01701,PO01701,84,2025-05-03
GRN01702,PO01702,186,2026-01-17
GRN01703,PO01703,242,2025-02-24
GRN01704,PO01704,813,2026-06-02
GRN01705,PO01705,679,2025-09-10
GRN01706,PO01706,568,2025-11-14
GRN01707,PO01707,152,2026-03-20
GRN01708,PO01708,40,2025-10-04
GRN01709,PO01709,210,2026-03-03
GRN01710,PO01710,169,2025-07-10
GRN01711,PO01711,46,2026-03-30
GRN01712,PO01712,169,2026-03-18
GRN01713,PO01713,221,2025-11-25
GRN01714,PO01714,100,2025-03-30
GRN01715,PO01715,125,2025-05-15
GRN01716,PO01716,453,2025-04-28
GRN01717,PO01717,49,2025-11-17
GRN01718,PO01718,67,2025-06-08
GRN01719,PO01719,9,2025-08-28
GRN01720,PO01720,178,2025-09-10
GRN01721,PO01721,31,2026-02-09
GRN01722,PO01722,136,2025-03-01
GRN01723,PO01723,111,2025-11-30
GRN01724,PO01724,204,2026-05-25
GRN01725,PO01725,40,2025-08-01
GRN01726,PO01726,107,2026-03-31
GRN01727,PO01727,263,2025-04-24
GRN01728,PO01728,128,2025-07-03
GRN01729,PO01729,193,2026-01-19
GRN01730,PO01730,22,2025-10-25
GRN01731,PO01731,30,2026-02-11
GRN01732,PO01732,409,2025-02-26
GRN01733,PO01733,95,2025-11-06
GRN01734,PO01734,872,2026-06-29
GRN01735,PO01735,32,2025-06-21
GRN01736,PO01736,38,2025-10-16
GRN01737,PO01737,107,2025-07-18
GRN01738,PO01738,118,2025-03-20
GRN01739,PO01739,666,2025-02-03
GRN01740,PO01740,479,2026-01-26
GRN01741,PO01741,443,2025-03-11
GRN01742,PO01742,311,2025-11-11
GRN01743,PO01743,31,2025-09-10
GRN01744,PO01744,108,2025-08-01
GRN01745,PO01745,146,2026-03-28
GRN01746,PO01746,149,2026-03-31
GRN01747,PO01747,409,2025-07-01
GRN01748,PO01748,818,2025-11-16
GRN01749,PO01749,78,2025-08-19
GRN01750,PO01750,13,2026-03-02
GRN01751,PO01751,649,2025-08-23
GRN01752,PO01752,37,2026-01-02
GRN01753,PO01753,121,2025-03-14
GRN01754,PO01754,13,2026-04-09
GRN01755,PO01755,351,2026-04-18
GRN01756,PO01756,95,2025-05-16
GRN01757,PO01757,17,2026-03-16
GRN01758,PO01758,211,2025-09-06
GRN01759,PO01759,374,2025-07-02
GRN01760,PO01760,75,2026-06-21
GRN01761,PO01761,181,2026-04-12
GRN01762,PO01762,436,2025-05-10
GRN01763,PO01763,302,2026-02-14
GRN01764,PO01764,3,2026-01-23
GRN01765,PO01765,0,2025-07-17
GRN01766,PO01766,136,2025-06-07
GRN01767,PO01767,47,2025-04-15
GRN01768,PO01768,714,2025-08-27
GRN01769,PO01769,252,2025-10-19
GRN01770,PO01770,73,2025-01-23
GRN01771,PO01771,530,2025-11-17
GRN01772,PO01772,31,2025-06-20
GRN01773,PO01773,368,2025-05-14
GRN01774,PO01774,502,2025-10-03
GRN01775,PO01775,7,2025-09-09
GRN01776,PO01776,42,2025-03-21
GRN01777,PO01777,157,2026-06-15
GRN01778,PO01778,640,2026-06-16
GRN01779,PO01779,284,2025-04-03
GRN01780,PO01780,132,2026-01-28
GRN01781,PO01781,79,2025-05-20
GRN01782,PO01782,103,2025-12-31
GRN01783,PO01783,119,2026-04-25
GRN01784,PO01784,198,2025-02-19
GRN01785,PO01785,284,2026-04-28
GRN01786,PO01786,382,2026-01-20
GRN01787,PO01787,4,2025-05-04
GRN01788,PO01788,219,2026-02-19
GRN01789,PO01789,689,2026-02-03
GRN01790,PO01790,62,2025-02-11
GRN01791,PO01791,89,2025-04-24
GRN01792,PO01792,52,2026-03-19
GRN01793,PO01793,356,2025-12-17
GRN01794,PO01794,406,2026-07-22
GRN01795,PO01795,353,2025-09-30
GRN01796,PO01796,654,2026-01-16
GRN01797,PO01797,531,2026-06-02
GRN01798,PO01798,43,2026-06-03
GRN01799,PO01799,9,2026-03-01
GRN01800,PO01800,591,2025-07-17
GRN01801,PO01801,86,2026-01-31
GRN01802,PO01802,514,2025-06-02
GRN01803,PO01803,152,2025-08-17
GRN01804,PO01804,210,2025-11-21
GRN01805,PO01805,66,2025-06-11
GRN01806,PO01806,22,2026-04-18
GRN01807,PO01807,193,2025-12-09
GRN01808,PO01808,311,2025-12-02
GRN01809,PO01809,499,2025-08-27
GRN01810,PO01810,63,2025-06-05
GRN01811,PO01811,804,2025-09-21
GRN01812,PO01812,176,2025-05-06
GRN01813,PO01813,108,2025-10-12
GRN01814,PO01814,32,2025-09-01
GRN01815,PO01815,99,2025-05-03
GRN01816,PO01816,380,2025-09-15
GRN01817,PO01817,71,2025-09-16
GRN01818,PO01818,498,2025-09-09
GRN01819,PO01819,155,2025-05-27
GRN01820,PO01820,121,2025-02-22
GRN01821,PO01821,247,2025-01-14
GRN01822,PO01822,658,2025-11-26
GRN01823,PO01823,536,2026-03-16
GRN01824,PO01824,739,2025-05-17
GRN01825,PO01825,465,2026-03-13
GRN01826,PO01826,1,2026-05-06
GRN01827,PO01827,40,2025-10-13
GRN01828,PO01828,303,2025-02-19
GRN01829,PO01829,77,2026-01-07
GRN01830,PO01830,78,2025-05-18
GRN01831,PO01831,477,2025-04-30
GRN01832,PO01832,194,2026-05-27
GRN01833,PO01833,273,2025-11-10
GRN01834,PO01834,44,2026-03-01
GRN01835,PO01835,486,2025-11-09
GRN01836,PO01836,148,2025-10-05
GRN01837,PO01837,449,2026-03-25
GRN01838,PO01838,76,2026-05-06
GRN01839,PO01839,292,2026-04-14
GRN01840,PO01840,97,2025-06-28
GRN01841,PO01841,390,2025-10-12
GRN01842,PO01842,332,2025-06-19
GRN01843,PO01843,329,2025-06-16
GRN01844,PO01844,531,2025-11-26
GRN01845,PO01845,145,2025-04-15
GRN01846,PO01846,303,2026-01-22
GRN01847,PO01847,36,2026-02-26
GRN01848,PO01848,226,2026-04-26
GRN01849,PO01849,455,2025-03-25
GRN01850,PO01850,272,2025-03-27
GRN01851,PO01851,47,2026-03-05
GRN01852,PO01852,146,2025-07-27
GRN01853,PO01853,142,2026-04-15
GRN01854,PO01854,5,2025-11-25
GRN01855,PO01855,22,2025-02-11
GRN01856,PO01856,551,2026-03-03
GRN01857,PO01857,144,2026-05-19
GRN01858,PO01858,280,2026-02-03
GRN01859,PO01859,189,2026-01-24
GRN01860,PO01860,35,2026-02-18
GRN01861,PO01861,56,2025-11-30
GRN01862,PO01862,262,2026-03-22
GRN01863,PO01863,485,2025-05-10
GRN01864,PO01864,672,2026-01-17
GRN01865,PO01865,107,2025-04-01
GRN01866,PO01866,216,2025-12-22
GRN01867,PO01867,691,2025-07-08
GRN01868,PO01868,382,2025-10-03
GRN01869,PO01869,493,2026-01-28
GRN01870,PO01870,207,2025-12-12
GRN01871,PO01871,755,2025-12-29
GRN01872,PO01872,259,2025-07-28
GRN01873,PO01873,39,2026-06-22
GRN01874,PO01874,92,2026-03-23
GRN01875,PO01875,88,2026-06-04
GRN01876,PO01876,701,2025-12-11
GRN01877,PO01877,12,2025-12-06
GRN01878,PO01878,23,2025-09-06
GRN01879,PO01879,164,2025-08-09
GRN01880,PO01880,547,2025-03-09
GRN01881,PO01881,690,2025-07-03
GRN01882,PO01882,185,2026-06-11
GRN01883,PO01883,250,2025-02-24
GRN01884,PO01884,108,2025-06-22
GRN01885,PO01885,752,2025-09-19
GRN01886,PO01886,299,2025-09-07
GRN01887,PO01887,64,2026-04-23
GRN01888,PO01888,752,2025-09-30
GRN01889,PO01889,113,2025-07-10
GRN01890,PO01890,36,2025-11-16
GRN01891,PO01891,68,2025-05-15
GRN01892,PO01892,85,2025-01-29
GRN01893,PO01893,506,2026-01-24
GRN01894,PO01894,12,2026-05-14
GRN01895,PO01895,78,2025-12-30
GRN01896,PO01896,8,2025-06-09
GRN01897,PO01897,421,2026-05-21
GRN01898,PO01898,211,2025-05-14
GRN01899,PO01899,281,2025-11-05
GRN01900,PO01900,50,2026-06-04
GRN01901,PO01901,332,2026-07-03
GRN01902,PO01902,12,2025-03-07
GRN01903,PO01903,204,2025-04-28
GRN01904,PO01904,648,2025-05-28
GRN01905,PO01905,45,2025-02-14
GRN01906,PO01906,81,2026-05-25
GRN01907,PO01907,597,2025-06-19
GRN01908,PO01908,39,2025-03-01
GRN01909,PO01909,117,2025-11-13
GRN01910,PO01910,350,2025-05-25
GRN01911,PO01911,729,2025-09-05
GRN01912,PO01912,43,2025-09-21
GRN01913,PO01913,318,2025-11-28
GRN01914,PO01914,613,2025-11-09
GRN01915,PO01915,464,2025-09-19
GRN01916,PO01916,201,2025-07-19
GRN01917,PO01917,453,2026-06-29
GRN01918,PO01918,55,2025-12-14
GRN01919,PO01919,32,2025-04-03
GRN01920,PO01920,586,2026-02-24
GRN01921,PO01921,17,2025-02-06
GRN01922,PO01922,116,2025-10-26
GRN01923,PO01923,38,2026-01-30
GRN01924,PO01924,186,2026-01-21
GRN01925,PO01925,624,2026-05-12
GRN01926,PO01926,396,2026-06-03
GRN01927,PO01927,193,2025-03-25
GRN01928,PO01928,31,2025-12-13
GRN01929,PO01929,251,2025-08-10
GRN01930,PO01930,143,2025-08-25
GRN01931,PO01931,73,2025-04-14
GRN01932,PO01932,180,2025-02-13
GRN01933,PO01933,140,2025-05-08
GRN01934,PO01934,52,2025-12-17
GRN01935,PO01935,498,2025-04-20
GRN01936,PO01936,111,2025-06-20
GRN01937,PO01937,201,2025-05-18
GRN01938,PO01938,547,2026-05-08
GRN01939,PO01939,41,2026-03-28
GRN01940,PO01940,439,2025-04-30
GRN01941,PO01941,63,2025-04-28
GRN01942,PO01942,162,2025-09-03
GRN01943,PO01943,177,2026-01-11
GRN01944,PO01944,362,2026-06-06
GRN01945,PO01945,59,2025-11-29
GRN01946,PO01946,390,2025-03-22
GRN01947,PO01947,219,2026-02-04
GRN01948,PO01948,93,2026-04-25
GRN01949,PO01949,77,2026-06-13
GRN01950,PO01950,677,2025-09-17
GRN01951,PO01951,43,2025-11-20
GRN01952,PO01952,73,2026-03-01
GRN01953,PO01953,104,2026-05-09
GRN01954,PO01954,744,2025-06-05
GRN01955,PO01955,317,2025-12-12
GRN01956,PO01956,606,2025-08-12
GRN01957,PO01957,68,2025-08-13
GRN01958,PO01958,275,2025-12-01
GRN01959,PO01959,199,2025-08-08
GRN01960,PO01960,255,2025-05-10
GRN01961,PO01961,59,2025-10-13
GRN01962,PO01962,548,2025-05-17
GRN01963,PO01963,75,2026-06-14
GRN01964,PO01964,261,2026-07-03
GRN01965,PO01965,310,2025-12-02
GRN01966,PO01966,291,2026-04-02
GRN01967,PO01967,641,2025-02-11
GRN01968,PO01968,46,2025-12-21
GRN01969,PO01969,908,2025-09-24
GRN01970,PO01970,349,2025-09-15
GRN01971,PO01971,475,2025-06-04
GRN01972,PO01972,4,2025-07-06
GRN01973,PO01973,73,2026-04-28
GRN01974,PO01974,281,2026-01-06
GRN01975,PO01975,88,2025-09-26
GRN01976,PO01976,153,2026-01-23
GRN01977,PO01977,290,2025-12-06
GRN01978,PO01978,287,2025-09-10
GRN01979,PO01979,87,2025-04-23
GRN01980,PO01980,172,2026-06-16
GRN01981,PO01981,235,2025-04-07
GRN01982,PO01982,101,2026-04-29
GRN01983,PO01983,60,2025-03-06
GRN01984,PO01984,640,2026-05-30
GRN01985,PO01985,24,2026-02-25
GRN01986,PO01986,154,2026-02-08
GRN01987,PO01987,128,2025-03-26
GRN01988,PO01988,784,2025-04-11
GRN01989,PO01989,236,2025-12-15
GRN01990,PO01990,688,2026-01-17
GRN01991,PO01991,161,2025-02-18
GRN01992,PO01992,258,2026-01-26
GRN01993,PO01993,501,2025-05-11
GRN01994,PO01994,604,2025-10-26
GRN01995,PO01995,42,2026-06-07
GRN01996,PO01996,37,2026-06-02
GRN01997,PO01997,641,2025-03-20
GRN01998,PO01998,260,2026-06-07
GRN01999,PO01999,392,2026-04-14
GRN02000,PO02000,55,2025-02-01
GRN02001,PO02001,257,2025-05-18
GRN02002,PO02002,397,2025-09-10
GRN02003,PO02003,37,2026-01-29
GRN02004,PO02004,198,2026-01-11
GRN02005,PO02005,56,2025-10-13
GRN02006,PO02006,298,2025-12-13
GRN02007,PO02007,68,2025-03-17
GRN02008,PO02008,376,2025-12-14
GRN02009,PO02009,469,2025-10-12
GRN02010,PO02010,424,2025-12-30
GRN02011,PO02011,156,2025-03-28
GRN02012,PO02012,81,2025-03-21
GRN02013,PO02013,294,2025-11-03
GRN02014,PO02014,25,2026-07-19
GRN02015,PO02015,31,2025-06-14
GRN02016,PO02016,542,2025-12-26
GRN02017,PO02017,447,2025-11-02
GRN02018,PO02018,299,2025-09-02
GRN02019,PO02019,420,2025-10-22
GRN02020,PO02020,243,2025-06-14
GRN02021,PO02021,582,2025-08-03
GRN02022,PO02022,223,2025-09-07
GRN02023,PO02023,314,2025-10-09
GRN02024,PO02024,348,2025-10-04
GRN02025,PO02025,457,2026-02-22
GRN02026,PO02026,366,2026-02-05
GRN02027,PO02027,476,2025-04-15
GRN02028,PO02028,775,2025-07-30
GRN02029,PO02029,20,2026-07-17
GRN02030,PO02030,239,2025-10-16
GRN02031,PO02031,660,2026-02-07
GRN02032,PO02032,374,2026-03-14
GRN02033,PO02033,169,2026-04-25
GRN02034,PO02034,167,2025-12-05
GRN02035,PO02035,81,2025-06-24
GRN02036,PO02036,428,2025-05-03
GRN02037,PO02037,70,2026-06-16
GRN02038,PO02038,12,2025-12-12
GRN02039,PO02039,80,2026-06-28
GRN02040,PO02040,795,2026-05-18
GRN02041,PO02041,15,2025-08-24
GRN02042,PO02042,862,2025-04-21
GRN02043,PO02043,120,2025-08-08
GRN02044,PO02044,532,2025-01-30
GRN02045,PO02045,178,2025-10-28
GRN02046,PO02046,656,2025-04-11
GRN02047,PO02047,556,2025-06-18
GRN02048,PO02048,498,2025-07-03
GRN02049,PO02049,184,2025-11-25
GRN02050,PO02050,80,2026-02-14
GRN02051,PO02051,237,2026-03-25
GRN02052,PO02052,292,2025-12-22
GRN02053,PO02053,369,2025-02-09
GRN02054,PO02054,56,2025-05-29
GRN02055,PO02055,409,2025-07-22
GRN02056,PO02056,199,2025-09-17
GRN02057,PO02057,115,2025-05-03
GRN02058,PO02058,628,2026-01-22
GRN02059,PO02059,91,2025-02-04
GRN02060,PO02060,119,2025-05-07
GRN02061,PO02061,137,2026-03-05
GRN02062,PO02062,149,2026-04-15
GRN02063,PO02063,59,2025-10-04
GRN02064,PO02064,65,2025-07-15
GRN02065,PO02065,368,2026-07-12
GRN02066,PO02066,137,2025-05-06
GRN02067,PO02067,62,2026-06-15
GRN02068,PO02068,361,2025-12-07
GRN02069,PO02069,93,2026-01-12
GRN02070,PO02070,86,2025-06-11
GRN02071,PO02071,242,2026-06-13
GRN02072,PO02072,71,2026-05-04
GRN02073,PO02073,288,2025-03-18
GRN02074,PO02074,527,2026-04-16
GRN02075,PO02075,70,2025-04-27
GRN02076,PO02076,353,2025-07-30
GRN02077,PO02077,617,2025-09-07
GRN02078,PO02078,70,2025-12-24
GRN02079,PO02079,61,2025-09-20
GRN02080,PO02080,128,2025-12-18
GRN02081,PO02081,59,2026-03-18
GRN02082,PO02082,360,2025-10-25
GRN02083,PO02083,77,2025-06-10
GRN02084,PO02084,379,2025-01-23
GRN02085,PO02085,9,2025-01-11
GRN02086,PO02086,484,2026-05-10
GRN02087,PO02087,61,2026-04-10
GRN02088,PO02088,45,2025-01-25
GRN02089,PO02089,193,2026-05-16
GRN02090,PO02090,184,2025-05-27
GRN02091,PO02091,81,2026-06-06
GRN02092,PO02092,30,2026-01-26
GRN02093,PO02093,47,2025-10-14
GRN02094,PO02094,747,2026-01-20
GRN02095,PO02095,629,2025-06-29
GRN02096,PO02096,287,2026-02-16
GRN02097,PO02097,346,2026-06-13
GRN02098,PO02098,145,2025-04-24
GRN02099,PO02099,19,2025-02-13
GRN02100,PO02100,104,2025-12-01
GRN02101,PO02101,128,2025-02-21
GRN02102,PO02102,70,2025-02-12
GRN02103,PO02103,954,2025-07-31
GRN02104,PO02104,154,2026-03-23
GRN02105,PO02105,309,2025-02-07
GRN02106,PO02106,96,2025-02-11
GRN02107,PO02107,433,2025-06-07
GRN02108,PO02108,22,2025-03-02
GRN02109,PO02109,406,2026-05-04
GRN02110,PO02110,454,2025-11-16
GRN02111,PO02111,157,2026-01-21
GRN02112,PO02112,529,2026-01-08
GRN02113,PO02113,23,2025-05-01
GRN02114,PO02114,278,2025-10-06
GRN02115,PO02115,696,2025-08-23
GRN02116,PO02116,80,2025-11-26
GRN02117,PO02117,120,2026-07-06
GRN02118,PO02118,34,2025-03-24
GRN02119,PO02119,119,2025-10-05
GRN02120,PO02120,20,2026-01-04
GRN02121,PO02121,165,2026-06-25
GRN02122,PO02122,160,2025-12-07
GRN02123,PO02123,57,2026-02-14
GRN02124,PO02124,585,2025-08-01
GRN02125,PO02125,256,2025-08-14
GRN02126,PO02126,162,2026-03-08
GRN02127,PO02127,57,2025-07-13
GRN02128,PO02128,502,2025-04-22
GRN02129,PO02129,650,2026-01-21
GRN02130,PO02130,25,2025-11-30
GRN02131,PO02131,32,2025-11-06
GRN02132,PO02132,495,2026-04-10
GRN02133,PO02133,11,2025-06-21
GRN02134,PO02134,657,2025-12-31
GRN02135,PO02135,104,2026-05-03
GRN02136,PO02136,160,2026-06-20
GRN02137,PO02137,441,2026-06-12
GRN02138,PO02138,166,2025-10-31
GRN02139,PO02139,735,2026-04-01
GRN02140,PO02140,366,2026-07-15
GRN02141,PO02141,185,2026-02-26
GRN02142,PO02142,269,2026-05-03
GRN02143,PO02143,546,2026-04-26
GRN02144,PO02144,187,2025-04-13
GRN02145,PO02145,462,2026-01-01
GRN02146,PO02146,133,2025-08-09
GRN02147,PO02147,498,2026-07-06
GRN02148,PO02148,67,2026-05-21
GRN02149,PO02149,569,2026-03-24
GRN02150,PO02150,536,2025-12-23
GRN02151,PO02151,420,2026-03-02
GRN02152,PO02152,81,2025-05-20
GRN02153,PO02153,326,2025-09-07
GRN02154,PO02154,11,2026-05-01
GRN02155,PO02155,573,2026-04-18
GRN02156,PO02156,29,2025-06-26
GRN02157,PO02157,61,2026-05-05
GRN02158,PO02158,592,2025-10-19
GRN02159,PO02159,348,2025-08-19
GRN02160,PO02160,409,2025-06-25
GRN02161,PO02161,262,2026-03-22
GRN02162,PO02162,70,2026-07-11
GRN02163,PO02163,279,2025-10-30
GRN02164,PO02164,71,2025-12-29
GRN02165,PO02165,144,2025-07-11
GRN02166,PO02166,49,2025-02-08
GRN02167,PO02167,232,2025-10-01
GRN02168,PO02168,77,2026-01-19
GRN02169,PO02169,332,2025-12-29
GRN02170,PO02170,61,2025-07-14
GRN02171,PO02171,151,2025-03-18
GRN02172,PO02172,367,2026-04-04
GRN02173,PO02173,492,2025-02-08
GRN02174,PO02174,149,2025-07-19
GRN02175,PO02175,76,2025-02-22
GRN02176,PO02176,52,2025-07-23
GRN02177,PO02177,18,2026-01-05
GRN02178,PO02178,89,2025-11-09
GRN02179,PO02179,478,2025-05-14
GRN02180,PO02180,523,2026-01-08
GRN02181,PO02181,42,2025-05-25
GRN02182,PO02182,734,2025-05-27
GRN02183,PO02183,769,2025-09-19
GRN02184,PO02184,239,2026-01-06
GRN02185,PO02185,278,2025-03-29
GRN02186,PO02186,462,2025-11-01
GRN02187,PO02187,48,2026-01-23
GRN02188,PO02188,98,2026-04-15
GRN02189,PO02189,381,2026-05-11
GRN02190,PO02190,294,2026-01-12
GRN02191,PO02191,402,2025-06-24
GRN02192,PO02192,86,2025-09-23
GRN02193,PO02193,8,2025-06-23
GRN02194,PO02194,168,2025-07-02
GRN02195,PO02195,120,2025-12-04
GRN02196,PO02196,3,2025-05-19
GRN02197,PO02197,11,2025-02-19
GRN02198,PO02198,255,2025-03-20
GRN02199,PO02199,136,2025-06-12
GRN02200,PO02200,66,2025-04-06
GRN02201,PO02201,455,2026-01-03
GRN02202,PO02202,24,2025-11-02
GRN02203,PO02203,92,2026-03-16
GRN02204,PO02204,693,2025-04-19
GRN02205,PO02205,212,2025-05-31
GRN02206,PO02206,489,2025-12-15
GRN02207,PO02207,487,2025-02-10
GRN02208,PO02208,621,2026-07-11
GRN02209,PO02209,270,2025-08-13
GRN02210,PO02210,272,2025-11-06
GRN02211,PO02211,93,2026-03-12
GRN02212,PO02212,357,2025-05-06
GRN02213,PO02213,499,2026-01-29
GRN02214,PO02214,353,2025-07-09
GRN02215,PO02215,401,2025-02-24
GRN02216,PO02216,111,2025-10-23
GRN02217,PO02217,40,2026-01-21
GRN02218,PO02218,358,2025-12-10
GRN02219,PO02219,472,2026-02-06
GRN02220,PO02220,83,2025-11-17
GRN02221,PO02221,26,2025-10-19
GRN02222,PO02222,468,2026-04-21
GRN02223,PO02223,114,2026-02-17
GRN02224,PO02224,246,2025-11-09
GRN02225,PO02225,366,2025-03-12
GRN02226,PO02226,98,2026-01-14
GRN02227,PO02227,459,2025-02-27
GRN02228,PO02228,286,2026-04-19
GRN02229,PO02229,77,2026-01-01
GRN02230,PO02230,11,2025-09-02
GRN02231,PO02231,153,2025-09-19
GRN02232,PO02232,60,2025-10-03
GRN02233,PO02233,379,2026-03-01
GRN02234,PO02234,686,2026-03-24
GRN02235,PO02235,87,2026-03-12
GRN02236,PO02236,240,2025-07-29
GRN02237,PO02237,375,2025-11-08
GRN02238,PO02238,101,2026-06-15
GRN02239,PO02239,540,2025-03-08
GRN02240,PO02240,859,2025-08-13
GRN02241,PO02241,451,2025-02-18
GRN02242,PO02242,404,2025-09-29
GRN02243,PO02243,370,2025-11-07
GRN02244,PO02244,106,2025-06-19
GRN02245,PO02245,28,2025-08-25
GRN02246,PO02246,763,2025-02-19
GRN02247,PO02247,372,2025-11-12
GRN02248,PO02248,46,2025-10-20
GRN02249,PO02249,130,2026-03-04
GRN02250,PO02250,47,2026-06-22
GRN02251,PO02251,156,2025-08-31
GRN02252,PO02252,56,2026-06-18
GRN02253,PO02253,178,2026-05-22
GRN02254,PO02254,518,2025-11-07
GRN02255,PO02255,310,2026-04-04
GRN02256,PO02256,107,2026-06-06
GRN02257,PO02257,256,2026-05-13
GRN02258,PO02258,78,2026-03-16
GRN02259,PO02259,82,2025-12-29
GRN02260,PO02260,457,2025-08-06
GRN02261,PO02261,690,2025-05-11
GRN02262,PO02262,236,2025-11-26
GRN02263,PO02263,20,2025-08-20
GRN02264,PO02264,216,2025-09-06
GRN02265,PO02265,102,2026-04-05
GRN02266,PO02266,185,2025-12-26
GRN02267,PO02267,86,2025-12-14
GRN02268,PO02268,687,2025-05-04
GRN02269,PO02269,115,2025-07-20
GRN02270,PO02270,224,2025-07-29
GRN02271,PO02271,21,2026-05-16
GRN02272,PO02272,642,2026-06-24
GRN02273,PO02273,13,2026-02-10
GRN02274,PO02274,181,2025-03-06
GRN02275,PO02275,0,2026-02-13
GRN02276,PO02276,344,2025-12-15
GRN02277,PO02277,512,2025-09-17
GRN02278,PO02278,28,2026-02-19
GRN02279,PO02279,751,2026-06-17
GRN02280,PO02280,420,2025-02-27
GRN02281,PO02281,179,2025-06-17
GRN02282,PO02282,416,2026-04-07
GRN02283,PO02283,281,2025-08-18
GRN02284,PO02284,12,2026-06-01
GRN02285,PO02285,459,2025-11-03
GRN02286,PO02286,113,2025-12-05
GRN02287,PO02287,128,2025-12-30
GRN02288,PO02288,216,2025-10-16
GRN02289,PO02289,636,2025-11-26
GRN02290,PO02290,562,2026-01-03
GRN02291,PO02291,258,2025-11-04
GRN02292,PO02292,155,2025-10-22
GRN02293,PO02293,140,2026-01-21
GRN02294,PO02294,543,2026-03-20
GRN02295,PO02295,539,2026-05-26
GRN02296,PO02296,527,2025-02-04
GRN02297,PO02297,112,2026-03-26
GRN02298,PO02298,207,2025-02-08
GRN02299,PO02299,840,2025-07-24
GRN02300,PO02300,255,2025-11-02
GRN02301,PO02301,216,2025-09-08
GRN02302,PO02302,37,2026-06-12
GRN02303,PO02303,292,2026-01-07
GRN02304,PO02304,94,2026-03-03
GRN02305,PO02305,94,2025-03-23
GRN02306,PO02306,72,2026-06-11
GRN02307,PO02307,37,2026-06-08
GRN02308,PO02308,419,2025-12-27
GRN02309,PO02309,444,2025-12-04
GRN02310,PO02310,401,2025-03-16
GRN02311,PO02311,218,2026-01-16
GRN02312,PO02312,316,2026-02-03
GRN02313,PO02313,527,2025-09-08
GRN02314,PO02314,56,2025-05-18
GRN02315,PO02315,112,2025-02-16
GRN02316,PO02316,104,2026-05-07
GRN02317,PO02317,132,2026-03-09
GRN02318,PO02318,164,2025-03-23
GRN02319,PO02319,160,2026-01-05
GRN02320,PO02320,220,2025-04-24
GRN02321,PO02321,319,2026-05-18
GRN02322,PO02322,13,2025-03-18
GRN02323,PO02323,25,2026-05-03
GRN02324,PO02324,95,2025-04-23
GRN02325,PO02325,9,2025-02-11
GRN02326,PO02326,845,2026-06-12
GRN02327,PO02327,424,2026-03-25
GRN02328,PO02328,318,2025-09-29
GRN02329,PO02329,105,2025-01-28
GRN02330,PO02330,351,2025-10-25
GRN02331,PO02331,39,2025-06-17
GRN02332,PO02332,430,2026-02-25
GRN02333,PO02333,45,2025-06-11
GRN02334,PO02334,629,2025-03-18
GRN02335,PO02335,24,2025-02-21
GRN02336,PO02336,13,2025-07-21
GRN02337,PO02337,78,2025-02-20
GRN02338,PO02338,127,2026-03-21
GRN02339,PO02339,5,2025-10-28
GRN02340,PO02340,374,2026-03-28
GRN02341,PO02341,708,2026-03-17
GRN02342,PO02342,340,2025-03-28
GRN02343,PO02343,185,2025-02-22
GRN02344,PO02344,431,2025-12-16
GRN02345,PO02345,59,2025-01-23
GRN02346,PO02346,685,2025-04-11
GRN02347,PO02347,66,2026-06-13
GRN02348,PO02348,252,2026-06-08
GRN02349,PO02349,6,2025-08-28
GRN02350,PO02350,746,2025-10-12
GRN02351,PO02351,248,2026-05-02
GRN02352,PO02352,20,2025-06-18
GRN02353,PO02353,206,2025-05-14
GRN02354,PO02354,376,2025-12-27
GRN02355,PO02355,79,2025-06-26
GRN02356,PO02356,51,2025-02-27
GRN02357,PO02357,348,2025-12-09
GRN02358,PO02358,173,2026-02-24
GRN02359,PO02359,0,2025-05-24
GRN02360,PO02360,5,2026-07-09
GRN02361,PO02361,250,2025-06-13
GRN02362,PO02362,482,2025-07-24
GRN02363,PO02363,100,2026-03-10
GRN02364,PO02364,160,2025-03-10
GRN02365,PO02365,191,2026-05-25
GRN02366,PO02366,26,2026-04-29
GRN02367,PO02367,195,2025-03-22
GRN02368,PO02368,5,2025-02-10
GRN02369,PO02369,957,2026-05-31
GRN02370,PO02370,98,2025-04-06
GRN02371,PO02371,123,2025-02-08
GRN02372,PO02372,120,2025-05-01
GRN02373,PO02373,326,2025-04-15
GRN02374,PO02374,48,2025-02-02
GRN02375,PO02375,785,2025-03-28
GRN02376,PO02376,39,2025-12-15
GRN02377,PO02377,313,2025-08-21
GRN02378,PO02378,445,2026-01-07
GRN02379,PO02379,575,2025-04-01
GRN02380,PO02380,823,2025-06-15
GRN02381,PO02381,705,2025-04-04
GRN02382,PO02382,31,2025-04-08
GRN02383,PO02383,175,2025-04-10
GRN02384,PO02384,74,2026-01-05
GRN02385,PO02385,583,2025-05-28
GRN02386,PO02386,290,2026-03-16
GRN02387,PO02387,112,2025-11-07
GRN02388,PO02388,12,2025-03-08
GRN02389,PO02389,272,2025-02-05
GRN02390,PO02390,51,2025-04-20
GRN02391,PO02391,166,2026-02-26
GRN02392,PO02392,275,2026-01-22
GRN02393,PO02393,310,2026-02-21
GRN02394,PO02394,40,2026-07-25
GRN02395,PO02395,589,2025-03-29
GRN02396,PO02396,170,2025-11-02
GRN02397,PO02397,153,2025-05-26
GRN02398,PO02398,18,2026-04-21
GRN02399,PO02399,183,2026-04-09
GRN02400,PO02400,4,2026-04-22
GRN02401,PO02401,336,2025-03-29
GRN02402,PO02402,235,2025-12-21
GRN02403,PO02403,51,2025-08-08
GRN02404,PO02404,70,2025-07-13
GRN02405,PO02405,72,2026-06-30
GRN02406,PO02406,9,2026-04-30
GRN02407,PO02407,3,2025-06-29
GRN02408,PO02408,406,2025-09-05
GRN02409,PO02409,204,2026-03-06
GRN02410,PO02410,174,2025-07-22
GRN02411,PO02411,189,2025-09-07
GRN02412,PO02412,535,2025-03-31
GRN02413,PO02413,293,2025-01-25
GRN02414,PO02414,33,2025-09-12
GRN02415,PO02415,587,2026-01-18
GRN02416,PO02416,49,2026-05-29
GRN02417,PO02417,371,2026-05-17
GRN02418,PO02418,604,2025-12-30
GRN02419,PO02419,162,2026-06-16
GRN02420,PO02420,2,2025-10-24
GRN02421,PO02421,191,2025-02-04
GRN02422,PO02422,52,2025-11-23
GRN02423,PO02423,565,2025-08-03
GRN02424,PO02424,301,2025-08-30
GRN02425,PO02425,415,2026-04-15
GRN02426,PO02426,416,2025-01-25
GRN02427,PO02427,197,2025-09-26
GRN02428,PO02428,49,2026-01-14
GRN02429,PO02429,319,2026-05-25
GRN02430,PO02430,81,2025-07-04
GRN02431,PO02431,77,2025-04-04
GRN02432,PO02432,727,2025-03-09
GRN02433,PO02433,192,2025-06-03
GRN02434,PO02434,495,2025-08-26
GRN02435,PO02435,646,2026-06-14
GRN02436,PO02436,42,2025-10-22
GRN02437,PO02437,92,2025-06-21
GRN02438,PO02438,98,2025-09-23
GRN02439,PO02439,9,2025-04-10
GRN02440,PO02440,20,2025-01-18
GRN02441,PO02441,136,2026-01-04
GRN02442,PO02442,91,2025-05-14
GRN02443,PO02443,451,2025-12-06
GRN02444,PO02444,406,2025-06-16
GRN02445,PO02445,117,2026-07-17
GRN02446,PO02446,386,2025-04-29
GRN02447,PO02447,181,2025-04-26
GRN02448,PO02448,20,2026-04-04
GRN02449,PO02449,32,2025-08-11
GRN02450,PO02450,267,2025-12-02
GRN02451,PO02451,217,2025-08-02
GRN02452,PO02452,160,2025-08-22
GRN02453,PO02453,42,2025-04-25
GRN02454,PO02454,178,2026-05-29
GRN02455,PO02455,343,2026-05-29
GRN02456,PO02456,777,2026-04-19
GRN02457,PO02457,54,2025-11-11
GRN02458,PO02458,290,2025-06-28
GRN02459,PO02459,203,2026-04-06
GRN02460,PO02460,367,2026-03-15
GRN02461,PO02461,122,2025-03-13
GRN02462,PO02462,719,2025-02-15
GRN02463,PO02463,556,2025-06-18
GRN02464,PO02464,394,2025-03-31
GRN02465,PO02465,25,2026-05-18
GRN02466,PO02466,174,2025-05-14
GRN02467,PO02467,325,2025-08-04
GRN02468,PO02468,208,2025-12-12
GRN02469,PO02469,509,2026-07-08
GRN02470,PO02470,887,2025-03-26
GRN02471,PO02471,981,2025-07-01
GRN02472,PO02472,448,2025-03-27
GRN02473,PO02473,189,2025-09-21
GRN02474,PO02474,318,2025-10-20
GRN02475,PO02475,190,2026-04-25
GRN02476,PO02476,378,2026-05-13
GRN02477,PO02477,47,2026-02-05
GRN02478,PO02478,603,2025-04-09
GRN02479,PO02479,316,2026-04-10
GRN02480,PO02480,67,2025-04-04
GRN02481,PO02481,136,2025-04-18
GRN02482,PO02482,289,2025-02-13
GRN02483,PO02483,60,2025-11-11
GRN02484,PO02484,47,2026-03-11
GRN02485,PO02485,385,2025-10-18
GRN02486,PO02486,29,2025-06-21
GRN02487,PO02487,59,2025-06-27
GRN02488,PO02488,149,2025-07-14
GRN02489,PO02489,5,2026-02-06
GRN02490,PO02490,152,2025-11-27
GRN02491,PO02491,395,2026-05-25
GRN02492,PO02492,162,2025-03-25
GRN02493,PO02493,634,2025-12-18
GRN02494,PO02494,707,2025-08-25
GRN02495,PO02495,192,2026-04-07
GRN02496,PO02496,141,2026-02-05
GRN02497,PO02497,17,2025-10-26
GRN02498,PO02498,126,2026-01-29
GRN02499,PO02499,224,2025-08-18
GRN02500,PO02500,740,2026-02-24
GRN02501,PO02501,45,2025-04-30
GRN02502,PO02502,26,2025-07-29
GRN02503,PO02503,64,2025-09-07
GRN02504,PO02504,442,2025-12-14
GRN02505,PO02505,347,2026-03-12
GRN02506,PO02506,625,2025-12-30
GRN02507,PO02507,90,2026-03-26
GRN02508,PO02508,463,2025-07-31
GRN02509,PO02509,331,2025-12-04
GRN02510,PO02510,59,2026-01-22
GRN02511,PO02511,451,2026-06-04
GRN02512,PO02512,181,2026-01-24
GRN02513,PO02513,375,2025-12-03
GRN02514,PO02514,641,2025-03-22
GRN02515,PO02515,54,2026-03-16
GRN02516,PO02516,198,2025-05-26
GRN02517,PO02517,189,2025-08-24
GRN02518,PO02518,416,2025-03-02
GRN02519,PO02519,51,2026-05-22
GRN02520,PO02520,498,2025-12-23
GRN02521,PO02521,329,2026-04-03
GRN02522,PO02522,381,2025-07-29
GRN02523,PO02523,257,2025-01-26
GRN02524,PO02524,205,2025-11-24
GRN02525,PO02525,19,2026-05-17
GRN02526,PO02526,55,2025-09-28
GRN02527,PO02527,63,2025-06-18
GRN02528,PO02528,122,2025-11-05
GRN02529,PO02529,43,2025-08-26
GRN02530,PO02530,61,2026-02-10
GRN02531,PO02531,9,2026-01-29
GRN02532,PO02532,390,2025-11-25
GRN02533,PO02533,598,2026-07-02
GRN02534,PO02534,316,2025-02-20
GRN02535,PO02535,116,2025-04-24
GRN02536,PO02536,301,2025-12-10
GRN02537,PO02537,102,2025-11-15
GRN02538,PO02538,289,2025-10-31
GRN02539,PO02539,88,2025-10-20
GRN02540,PO02540,376,2026-05-28
GRN02541,PO02541,470,2025-06-13
GRN02542,PO02542,120,2025-03-15
GRN02543,PO02543,242,2026-01-08
GRN02544,PO02544,121,2025-05-09
GRN02545,PO02545,83,2025-06-19
GRN02546,PO02546,280,2025-07-14
GRN02547,PO02547,143,2026-01-20
GRN02548,PO02548,96,2026-03-21
GRN02549,PO02549,270,2025-07-25
GRN02550,PO02550,458,2025-12-01
GRN02551,PO02551,258,2026-05-12
GRN02552,PO02552,652,2026-04-18
GRN02553,PO02553,411,2025-09-06
GRN02554,PO02554,543,2026-05-08
GRN02555,PO02555,289,2026-04-18
GRN02556,PO02556,91,2025-05-04
GRN02557,PO02557,202,2026-02-07
GRN02558,PO02558,146,2026-03-18
GRN02559,PO02559,181,2025-07-26
GRN02560,PO02560,33,2026-02-22
GRN02561,PO02561,279,2025-04-01
GRN02562,PO02562,626,2026-05-08
GRN02563,PO02563,3,2025-10-21
GRN02564,PO02564,328,2026-05-24
GRN02565,PO02565,72,2025-11-25
GRN02566,PO02566,156,2025-02-25
GRN02567,PO02567,574,2025-02-18
GRN02568,PO02568,291,2025-01-30
GRN02569,PO02569,55,2025-07-14
GRN02570,PO02570,77,2025-10-22
GRN02571,PO02571,168,2026-01-10
GRN02572,PO02572,155,2025-08-18
GRN02573,PO02573,374,2025-04-28
GRN02574,PO02574,194,2025-06-27
GRN02575,PO02575,169,2026-02-13
GRN02576,PO02576,368,2025-07-08
GRN02577,PO02577,1,2026-01-14
GRN02578,PO02578,73,2025-05-22
GRN02579,PO02579,69,2025-09-24
GRN02580,PO02580,658,2025-03-06
GRN02581,PO02581,348,2025-06-28
GRN02582,PO02582,139,2026-07-10
GRN02583,PO02583,0,2026-07-13
GRN02584,PO02584,508,2025-06-17
GRN02585,PO02585,162,2026-01-20
GRN02586,PO02586,470,2025-11-04
GRN02587,PO02587,423,2026-06-14
GRN02588,PO02588,255,2026-02-20
GRN02589,PO02589,313,2025-05-20
GRN02590,PO02590,359,2026-05-18
GRN02591,PO02591,255,2025-06-24
GRN02592,PO02592,74,2026-04-28
GRN02593,PO02593,198,2026-06-03
GRN02594,PO02594,222,2025-02-06
GRN02595,PO02595,262,2026-01-30
GRN02596,PO02596,361,2025-11-22
GRN02597,PO02597,131,2026-05-20
GRN02598,PO02598,168,2026-03-14
GRN02599,PO02599,126,2025-10-07
GRN02600,PO02600,16,2025-10-19
GRN02601,PO02601,461,2025-08-29
GRN02602,PO02602,259,2026-01-24
GRN02603,PO02603,169,2026-02-08
GRN02604,PO02604,139,2025-05-02
GRN02605,PO02605,116,2026-02-22
GRN02606,PO02606,448,2025-03-01
GRN02607,PO02607,541,2025-09-05
GRN02608,PO02608,520,2025-07-26
GRN02609,PO02609,827,2025-11-03
GRN02610,PO02610,709,2026-02-05
GRN02611,PO02611,65,2026-07-08
GRN02612,PO02612,74,2025-07-02
GRN02613,PO02613,191,2025-07-26
GRN02614,PO02614,199,2025-11-08
GRN02615,PO02615,468,2025-07-16
GRN02616,PO02616,196,2025-05-05
GRN02617,PO02617,383,2025-05-16
GRN02618,PO02618,385,2025-05-24
GRN02619,PO02619,369,2025-04-15
GRN02620,PO02620,337,2025-05-04
GRN02621,PO02621,585,2025-09-29
GRN02622,PO02622,390,2026-05-27
GRN02623,PO02623,141,2026-03-04
GRN02624,PO02624,170,2025-12-31
GRN02625,PO02625,45,2025-05-03
GRN02626,PO02626,35,2026-01-09
GRN02627,PO02627,267,2026-02-08
GRN02628,PO02628,82,2025-12-18
GRN02629,PO02629,125,2025-08-11
GRN02630,PO02630,424,2026-05-10
GRN02631,PO02631,16,2025-04-19
GRN02632,PO02632,43,2025-08-20
GRN02633,PO02633,379,2025-07-29
GRN02634,PO02634,443,2026-05-10
GRN02635,PO02635,377,2025-02-19
GRN02636,PO02636,522,2025-10-17
GRN02637,PO02637,383,2025-05-26
GRN02638,PO02638,705,2025-07-01
GRN02639,PO02639,287,2025-12-05
GRN02640,PO02640,55,2026-04-29
GRN02641,PO02641,441,2025-05-26
GRN02642,PO02642,260,2026-06-12
GRN02643,PO02643,936,2025-03-11
GRN02644,PO02644,355,2026-05-26
GRN02645,PO02645,223,2025-02-13
GRN02646,PO02646,233,2026-04-13
GRN02647,PO02647,565,2025-06-20
GRN02648,PO02648,269,2025-07-21
GRN02649,PO02649,53,2026-05-05
GRN02650,PO02650,442,2025-02-18
GRN02651,PO02651,545,2025-09-12
GRN02652,PO02652,181,2025-04-30
GRN02653,PO02653,39,2026-02-26
GRN02654,PO02654,28,2026-02-14
GRN02655,PO02655,188,2025-12-22
GRN02656,PO02656,340,2025-09-24
GRN02657,PO02657,79,2025-03-27
GRN02658,PO02658,657,2025-06-12
GRN02659,PO02659,674,2025-09-01
GRN02660,PO02660,177,2025-06-03
GRN02661,PO02661,253,2025-08-10
GRN02662,PO02662,801,2026-03-16
GRN02663,PO02663,57,2026-02-27
GRN02664,PO02664,71,2025-09-02
GRN02665,PO02665,130,2025-12-31
GRN02666,PO02666,126,2025-12-02
GRN02667,PO02667,663,2026-01-16
GRN02668,PO02668,634,2025-09-21
GRN02669,PO02669,78,2026-03-01
GRN02670,PO02670,38,2026-05-18
GRN02671,PO02671,75,2025-11-02
GRN02672,PO02672,321,2025-12-11
GRN02673,PO02673,452,2026-06-01
GRN02674,PO02674,134,2025-02-25
GRN02675,PO02675,238,2026-02-08
GRN02676,PO02676,381,2026-02-05
GRN02677,PO02677,99,2026-02-08
GRN02678,PO02678,269,2026-01-15
GRN02679,PO02679,218,2026-05-08
GRN02680,PO02680,416,2025-03-30
GRN02681,PO02681,181,2025-11-05
GRN02682,PO02682,482,2025-11-15
GRN02683,PO02683,628,2026-02-01
GRN02684,PO02684,646,2026-05-10
GRN02685,PO02685,316,2025-12-30
GRN02686,PO02686,351,2025-09-10
GRN02687,PO02687,429,2026-05-14
GRN02688,PO02688,560,2025-04-10
GRN02689,PO02689,588,2026-07-08
GRN02690,PO02690,845,2025-08-07
GRN02691,PO02691,530,2025-11-26
GRN02692,PO02692,339,2026-05-05
GRN02693,PO02693,236,2025-06-18
GRN02694,PO02694,500,2026-05-17
GRN02695,PO02695,361,2025-03-08
GRN02696,PO02696,227,2026-03-11
GRN02697,PO02697,540,2026-02-12
GRN02698,PO02698,208,2025-07-29
GRN02699,PO02699,164,2025-04-10
GRN02700,PO02700,1,2025-08-28
GRN02701,PO02701,23,2026-06-23
GRN02702,PO02702,499,2026-03-03
GRN02703,PO02703,249,2025-02-18
GRN02704,PO02704,297,2026-02-22
GRN02705,PO02705,240,2025-03-20
GRN02706,PO02706,782,2025-06-28
GRN02707,PO02707,100,2026-01-11
GRN02708,PO02708,517,2026-01-25
GRN02709,PO02709,235,2026-05-09
GRN02710,PO02710,444,2025-03-24
GRN02711,PO02711,494,2025-09-12
GRN02712,PO02712,341,2025-03-31
GRN02713,PO02713,434,2025-02-10
GRN02714,PO02714,100,2025-11-10
GRN02715,PO02715,954,2025-04-09
GRN02716,PO02716,391,2025-06-25
GRN02717,PO02717,169,2026-03-22
GRN02718,PO02718,144,2025-08-28
GRN02719,PO02719,854,2025-11-30
GRN02720,PO02720,27,2025-08-19
GRN02721,PO02721,284,2026-05-18
GRN02722,PO02722,36,2026-04-11
GRN02723,PO02723,20,2025-03-17
GRN02724,PO02724,278,2026-01-30
GRN02725,PO02725,20,2025-04-10
GRN02726,PO02726,405,2025-11-09
GRN02727,PO02727,123,2025-06-28
GRN02728,PO02728,46,2026-04-24
GRN02729,PO02729,186,2025-03-11
GRN02730,PO02730,90,2026-06-24
GRN02731,PO02731,90,2025-03-03
GRN02732,PO02732,836,2025-09-21
GRN02733,PO02733,114,2026-07-23
GRN02734,PO02734,23,2025-05-19
GRN02735,PO02735,243,2025-06-07
GRN02736,PO02736,58,2025-01-26
GRN02737,PO02737,274,2025-05-03
GRN02738,PO02738,69,2025-09-18
GRN02739,PO02739,4,2025-08-26
GRN02740,PO02740,111,2026-03-04
GRN02741,PO02741,261,2025-06-07
GRN02742,PO02742,44,2025-02-03
GRN02743,PO02743,564,2026-06-16
GRN02744,PO02744,363,2025-02-10
GRN02745,PO02745,368,2025-02-28
GRN02746,PO02746,175,2025-03-16
GRN02747,PO02747,125,2026-04-26
GRN02748,PO02748,95,2025-04-18
GRN02749,PO02749,351,2025-03-10
GRN02750,PO02750,192,2026-05-24
GRN02751,PO02751,77,2026-01-10
GRN02752,PO02752,418,2025-05-12
GRN02753,PO02753,8,2026-06-14
GRN02754,PO02754,400,2026-01-19
GRN02755,PO02755,81,2026-05-11
GRN02756,PO02756,272,2025-08-18
GRN02757,PO02757,73,2025-12-14
GRN02758,PO02758,203,2025-12-21
GRN02759,PO02759,360,2025-11-27
GRN02760,PO02760,205,2025-12-18
GRN02761,PO02761,17,2025-01-11
GRN02762,PO02762,6,2026-03-20
GRN02763,PO02763,200,2025-11-26
GRN02764,PO02764,96,2025-06-17
GRN02765,PO02765,290,2025-05-27
GRN02766,PO02766,467,2026-03-05
GRN02767,PO02767,183,2026-06-10
GRN02768,PO02768,3,2025-02-16
GRN02769,PO02769,129,2026-06-18
GRN02770,PO02770,65,2026-05-11
GRN02771,PO02771,405,2025-04-24
GRN02772,PO02772,18,2026-01-06
GRN02773,PO02773,51,2025-03-11
GRN02774,PO02774,378,2025-12-04
GRN02775,PO02775,868,2025-11-02
GRN02776,PO02776,102,2025-11-27
GRN02777,PO02777,731,2025-07-05
GRN02778,PO02778,0,2025-08-29
GRN02779,PO02779,198,2025-02-02
GRN02780,PO02780,114,2026-02-03
GRN02781,PO02781,240,2025-10-23
GRN02782,PO02782,14,2025-12-28
GRN02783,PO02783,223,2026-06-20
GRN02784,PO02784,5,2025-07-31
GRN02785,PO02785,279,2025-07-12
GRN02786,PO02786,124,2026-06-01
GRN02787,PO02787,77,2025-03-31
GRN02788,PO02788,618,2025-12-25
GRN02789,PO02789,144,2025-02-24
GRN02790,PO02790,85,2025-05-21
GRN02791,PO02791,101,2025-03-02
GRN02792,PO02792,171,2026-04-24
GRN02793,PO02793,39,2025-08-14
GRN02794,PO02794,320,2026-05-15
GRN02795,PO02795,17,2025-02-28
GRN02796,PO02796,30,2025-03-28
GRN02797,PO02797,76,2025-02-24
GRN02798,PO02798,359,2025-08-05
GRN02799,PO02799,143,2025-11-09
GRN02800,PO02800,17,2025-06-09
GRN02801,PO02801,750,2026-04-27
GRN02802,PO02802,416,2026-01-08
GRN02803,PO02803,143,2025-12-06
GRN02804,PO02804,4,2025-03-28
GRN02805,PO02805,71,2025-04-28
GRN02806,PO02806,8,2026-01-30
GRN02807,PO02807,370,2025-12-19
GRN02808,PO02808,81,2025-08-21
GRN02809,PO02809,316,2025-12-22
GRN02810,PO02810,909,2025-05-18
GRN02811,PO02811,490,2025-08-28
GRN02812,PO02812,97,2025-07-03
GRN02813,PO02813,123,2025-08-04
GRN02814,PO02814,70,2026-07-16
GRN02815,PO02815,329,2025-08-08
GRN02816,PO02816,250,2025-11-04
GRN02817,PO02817,697,2025-09-21
GRN02818,PO02818,219,2025-01-25
GRN02819,PO02819,823,2025-06-13
GRN02820,PO02820,599,2025-06-04
GRN02821,PO02821,319,2025-07-30
GRN02822,PO02822,325,2025-10-15
GRN02823,PO02823,5,2025-04-26
GRN02824,PO02824,80,2026-02-23
GRN02825,PO02825,170,2026-05-04
GRN02826,PO02826,330,2025-02-09
GRN02827,PO02827,287,2025-09-27
GRN02828,PO02828,616,2025-10-22
GRN02829,PO02829,372,2025-11-06
GRN02830,PO02830,166,2026-02-13
GRN02831,PO02831,34,2026-03-09
GRN02832,PO02832,6,2025-10-22
GRN02833,PO02833,87,2025-10-06
GRN02834,PO02834,195,2026-03-07
GRN02835,PO02835,497,2025-02-27
GRN02836,PO02836,118,2026-01-14
GRN02837,PO02837,531,2025-12-12
GRN02838,PO02838,210,2025-02-04
GRN02839,PO02839,441,2026-03-10
GRN02840,PO02840,377,2025-05-27
GRN02841,PO02841,122,2026-04-10
GRN02842,PO02842,75,2025-07-11
GRN02843,PO02843,598,2026-05-02
GRN02844,PO02844,161,2026-02-15
GRN02845,PO02845,219,2026-04-05
GRN02846,PO02846,352,2025-07-10
GRN02847,PO02847,81,2026-03-15
GRN02848,PO02848,460,2026-04-19
GRN02849,PO02849,131,2025-07-10
GRN02850,PO02850,270,2025-09-13
GRN02851,PO02851,553,2026-03-22
GRN02852,PO02852,110,2026-01-05
GRN02853,PO02853,347,2026-06-30
GRN02854,PO02854,504,2025-04-25
GRN02855,PO02855,468,2025-10-19
GRN02856,PO02856,184,2025-09-12
GRN02857,PO02857,107,2025-07-17
GRN02858,PO02858,67,2025-03-03
GRN02859,PO02859,198,2025-05-25
GRN02860,PO02860,81,2025-09-14
GRN02861,PO02861,659,2025-03-14
GRN02862,PO02862,283,2025-11-04
GRN02863,PO02863,142,2025-11-06
GRN02864,PO02864,488,2025-03-26
GRN02865,PO02865,23,2025-07-02
GRN02866,PO02866,221,2025-12-13
GRN02867,PO02867,424,2026-05-27
GRN02868,PO02868,21,2026-02-01
GRN02869,PO02869,393,2025-03-29
GRN02870,PO02870,123,2025-04-24
GRN02871,PO02871,123,2025-07-14
GRN02872,PO02872,250,2026-06-21
GRN02873,PO02873,696,2025-07-11
GRN02874,PO02874,424,2026-02-07
GRN02875,PO02875,107,2026-05-10
GRN02876,PO02876,369,2025-03-05
GRN02877,PO02877,171,2025-06-23
GRN02878,PO02878,439,2026-05-20
GRN02879,PO02879,48,2025-11-09
GRN02880,PO02880,48,2026-02-13
GRN02881,PO02881,20,2025-06-27
GRN02882,PO02882,26,2025-12-03
GRN02883,PO02883,342,2025-02-28
GRN02884,PO02884,461,2026-05-06
GRN02885,PO02885,62,2025-11-16
GRN02886,PO02886,211,2026-03-26
GRN02887,PO02887,329,2025-10-11
GRN02888,PO02888,247,2025-03-03
GRN02889,PO02889,305,2025-03-05
GRN02890,PO02890,69,2026-03-25
GRN02891,PO02891,24,2025-07-15
GRN02892,PO02892,58,2026-06-21
GRN02893,PO02893,121,2026-04-18
GRN02894,PO02894,8,2025-10-12
GRN02895,PO02895,105,2026-01-26
GRN02896,PO02896,577,2025-06-18
GRN02897,PO02897,135,2026-05-18
GRN02898,PO02898,498,2025-09-05
GRN02899,PO02899,84,2026-04-19
GRN02900,PO02900,673,2025-04-09
GRN02901,PO02901,300,2025-10-08
GRN02902,PO02902,186,2025-09-19
GRN02903,PO02903,78,2026-04-29
GRN02904,PO02904,150,2025-11-06
GRN02905,PO02905,316,2026-04-19
GRN02906,PO02906,608,2025-05-30
GRN02907,PO02907,526,2026-07-11
GRN02908,PO02908,250,2026-04-26
GRN02909,PO02909,45,2025-12-07
GRN02910,PO02910,83,2025-09-13
GRN02911,PO02911,73,2025-07-10
GRN02912,PO02912,497,2025-04-27
GRN02913,PO02913,385,2025-02-16
GRN02914,PO02914,459,2025-11-03
GRN02915,PO02915,191,2025-10-19
GRN02916,PO02916,113,2025-06-24
GRN02917,PO02917,84,2025-05-03
GRN02918,PO02918,110,2026-06-26
GRN02919,PO02919,893,2025-05-10
GRN02920,PO02920,782,2026-07-09
GRN02921,PO02921,29,2025-04-27
GRN02922,PO02922,2,2025-11-06
GRN02923,PO02923,238,2026-04-27
GRN02924,PO02924,136,2025-09-18
GRN02925,PO02925,500,2025-09-06
GRN02926,PO02926,264,2025-10-30
GRN02927,PO02927,351,2026-05-28
GRN02928,PO02928,132,2025-06-06
GRN02929,PO02929,378,2026-04-23
GRN02930,PO02930,110,2025-04-10
GRN02931,PO02931,618,2025-05-15
GRN02932,PO02932,241,2025-03-31
GRN02933,PO02933,383,2026-04-11
GRN02934,PO02934,675,2025-06-28
GRN02935,PO02935,553,2025-10-16
GRN02936,PO02936,58,2026-01-28
GRN02937,PO02937,301,2025-06-03
GRN02938,PO02938,95,2025-05-19
GRN02939,PO02939,407,2025-10-09
GRN02940,PO02940,524,2026-04-12
GRN02941,PO02941,44,2025-05-04
GRN02942,PO02942,40,2026-05-16
GRN02943,PO02943,439,2026-05-03
GRN02944,PO02944,239,2025-07-27
GRN02945,PO02945,170,2025-02-05
GRN02946,PO02946,83,2025-08-03
GRN02947,PO02947,151,2025-09-14
GRN02948,PO02948,786,2026-05-17
GRN02949,PO02949,28,2026-05-19
GRN02950,PO02950,184,2026-05-12
GRN02951,PO02951,580,2026-06-27
GRN02952,PO02952,16,2026-04-09
GRN02953,PO02953,624,2025-09-12
GRN02954,PO02954,626,2025-07-09
GRN02955,PO02955,103,2025-04-06
GRN02956,PO02956,317,2025-05-29
GRN02957,PO02957,1,2026-07-04
GRN02958,PO02958,191,2026-04-17
GRN02959,PO02959,248,2026-02-23
GRN02960,PO02960,37,2025-02-19
GRN02961,PO02961,159,2026-03-04
GRN02962,PO02962,809,2026-04-15
GRN02963,PO02963,209,2025-08-14
GRN02964,PO02964,739,2025-01-23
GRN02965,PO02965,68,2025-11-01
GRN02966,PO02966,218,2026-05-13
GRN02967,PO02967,149,2026-05-15
GRN02968,PO02968,607,2025-06-15
GRN02969,PO02969,643,2025-06-12
GRN02970,PO02970,198,2026-04-28
GRN02971,PO02971,152,2025-07-14
GRN02972,PO02972,5,2026-03-31
GRN02973,PO02973,256,2026-03-17
GRN02974,PO02974,164,2025-05-31
GRN02975,PO02975,65,2025-11-16
GRN02976,PO02976,271,2026-06-30
GRN02977,PO02977,17,2025-10-01
GRN02978,PO02978,234,2025-02-22
GRN02979,PO02979,538,2025-07-29
GRN02980,PO02980,245,2026-07-04
GRN02981,PO02981,225,2025-03-25
GRN02982,PO02982,23,2025-10-09
GRN02983,PO02983,106,2025-06-06
GRN02984,PO02984,195,2025-09-07
GRN02985,PO02985,736,2026-02-16
GRN02986,PO02986,36,2025-07-29
GRN02987,PO02987,212,2026-07-02
GRN02988,PO02988,45,2025-11-26
GRN02989,PO02989,87,2025-11-16
GRN02990,PO02990,121,2026-06-09
GRN02991,PO02991,280,2025-02-21
GRN02992,PO02992,317,2025-09-27
GRN02993,PO02993,20,2025-09-21
GRN02994,PO02994,51,2025-01-28
GRN02995,PO02995,383,2025-04-26
GRN02996,PO02996,379,2025-05-04
GRN02997,PO02997,143,2025-04-29
GRN02998,PO02998,310,2026-01-19
GRN02999,PO02999,353,2025-01-21
GRN03000,PO03000,319,2026-07-05
