Prod_Order_No,FG_Item_ID,Production_Line,Planned_Qty,Due_Date,Status
MO00001,FG0076,LINE3,43,2025-06-19,Planned
MO00002,FG0028,LINE3,133,2026-04-14,Planned
MO00003,FG0022,LINE2,215,2025-11-17,Firm Planned
MO00004,FG0020,LINE2,211,2026-04-30,Released
MO00005,FG0012,LINE2,87,2026-03-12,Planned
MO00006,FG0032,LINE1,257,2025-06-13,Firm Planned
MO00007,FG0090,LINE2,71,2025-03-09,Firm Planned
MO00008,FG0032,LINE3,390,2025-07-27,Firm Planned
MO00009,FG0080,LINE2,366,2025-03-11,Firm Planned
MO00010,FG0075,LINE1,355,2025-05-18,Planned
MO00011,FG0036,LINE3,374,2025-04-02,Firm Planned
MO00012,FG0022,LINE1,355,2025-01-30,Firm Planned
MO00013,FG0095,LINE1,71,2025-10-05,Firm Planned
MO00014,FG0080,LINE3,147,2026-06-03,Planned
MO00015,FG0063,LINE1,226,2026-02-09,Released
MO00016,FG0066,LINE3,191,2025-03-20,Planned
MO00017,FG0076,LINE1,305,2025-08-19,Firm Planned
MO00018,FG0042,LINE3,20,2025-04-10,Firm Planned
MO00019,FG0051,LINE2,316,2025-02-09,Released
MO00020,FG0093,LINE1,63,2025-10-01,Firm Planned
MO00021,FG0058,LINE1,63,2025-09-09,Firm Planned
MO00022,FG0094,LINE1,346,2025-05-31,Firm Planned
MO00023,FG0017,LINE3,189,2025-06-07,Firm Planned
MO00024,FG0055,LINE1,33,2026-06-15,Released
MO00025,FG0071,LINE3,227,2026-03-18,Planned
MO00026,FG0016,LINE1,167,2026-04-17,Released
MO00027,FG0085,LINE1,49,2025-06-21,Planned
MO00028,FG0070,LINE1,212,2025-09-03,Firm Planned
MO00029,FG0091,LINE1,134,2026-03-04,Planned
MO00030,FG0048,LINE1,262,2025-11-24,Planned
MO00031,FG0084,LINE3,110,2025-10-22,Released
MO00032,FG0030,LINE1,395,2025-04-15,Released
MO00033,FG0064,LINE1,118,2025-08-13,Firm Planned
MO00034,FG0007,LINE1,287,2025-11-17,Released
MO00035,FG0023,LINE3,392,2025-06-11,Planned
MO00036,FG0098,LINE3,359,2025-04-21,Firm Planned
MO00037,FG0017,LINE2,364,2026-02-20,Released
MO00038,FG0085,LINE1,368,2025-08-12,Planned
MO00039,FG0064,LINE2,142,2025-08-30,Planned
MO00040,FG0002,LINE2,294,2026-02-03,Planned
MO00041,FG0051,LINE2,222,2026-02-04,Released
MO00042,FG0038,LINE3,180,2026-03-05,Planned
MO00043,FG0070,LINE2,37,2025-07-02,Planned
MO00044,FG0042,LINE3,268,2025-06-22,Planned
MO00045,FG0018,LINE2,122,2026-05-22,Planned
MO00046,FG0032,LINE2,348,2026-06-17,Firm Planned
MO00047,FG0095,LINE1,111,2025-10-26,Planned
MO00048,FG0010,LINE2,192,2026-04-11,Planned
MO00049,FG0068,LINE2,296,2026-06-18,Firm Planned
MO00050,FG0055,LINE1,368,2026-01-24,Firm Planned
MO00051,FG0069,LINE2,377,2025-04-09,Firm Planned
MO00052,FG0047,LINE2,327,2025-01-12,Released
MO00053,FG0044,LINE3,341,2026-05-06,Planned
MO00054,FG0100,LINE2,113,2025-02-25,Firm Planned
MO00055,FG0001,LINE3,361,2025-08-31,Released
MO00056,FG0075,LINE3,178,2025-05-03,Planned
MO00057,FG0076,LINE3,226,2026-01-15,Firm Planned
MO00058,FG0049,LINE1,334,2025-10-16,Firm Planned
MO00059,FG0074,LINE2,321,2025-10-20,Planned
MO00060,FG0084,LINE2,396,2025-05-13,Firm Planned
MO00061,FG0093,LINE3,381,2026-01-04,Firm Planned
MO00062,FG0087,LINE1,61,2026-01-13,Released
MO00063,FG0011,LINE1,241,2025-01-01,Firm Planned
MO00064,FG0048,LINE3,47,2025-07-05,Released
MO00065,FG0089,LINE2,392,2025-10-14,Firm Planned
MO00066,FG0022,LINE1,146,2026-04-01,Firm Planned
MO00067,FG0055,LINE1,257,2025-01-25,Firm Planned
MO00068,FG0047,LINE2,265,2025-11-11,Planned
MO00069,FG0031,LINE1,369,2025-10-21,Planned
MO00070,FG0022,LINE3,290,2026-05-25,Released
MO00071,FG0049,LINE3,85,2025-08-03,Released
MO00072,FG0025,LINE1,177,2026-01-30,Firm Planned
MO00073,FG0040,LINE2,225,2026-03-05,Released
MO00074,FG0020,LINE1,80,2026-01-23,Planned
MO00075,FG0085,LINE2,229,2025-03-06,Firm Planned
MO00076,FG0077,LINE1,88,2025-06-17,Planned
MO00077,FG0050,LINE3,375,2025-08-20,Firm Planned
MO00078,FG0054,LINE1,387,2025-02-15,Planned
MO00079,FG0041,LINE2,225,2025-12-12,Planned
MO00080,FG0033,LINE3,212,2026-05-05,Released
MO00081,FG0096,LINE3,280,2025-07-08,Firm Planned
MO00082,FG0059,LINE2,319,2026-04-07,Released
MO00083,FG0004,LINE2,325,2026-03-08,Firm Planned
MO00084,FG0014,LINE1,311,2025-09-30,Released
MO00085,FG0092,LINE1,31,2026-05-13,Released
MO00086,FG0044,LINE1,43,2025-07-12,Released
MO00087,FG0095,LINE3,103,2025-03-29,Released
MO00088,FG0048,LINE3,175,2025-03-05,Firm Planned
MO00089,FG0068,LINE3,189,2025-03-29,Released
MO00090,FG0014,LINE1,215,2025-11-07,Firm Planned
MO00091,FG0025,LINE2,130,2026-02-09,Firm Planned
MO00092,FG0028,LINE2,113,2025-09-19,Planned
MO00093,FG0091,LINE1,270,2025-11-20,Released
MO00094,FG0045,LINE1,259,2025-03-22,Released
MO00095,FG0012,LINE2,382,2025-06-22,Planned
MO00096,FG0049,LINE1,50,2025-03-05,Planned
MO00097,FG0089,LINE1,336,2025-03-02,Planned
MO00098,FG0025,LINE1,150,2025-02-14,Planned
MO00099,FG0013,LINE3,170,2025-07-12,Released
MO00100,FG0021,LINE3,81,2025-09-28,Released
MO00101,FG0009,LINE1,128,2026-04-02,Planned
MO00102,FG0001,LINE3,114,2026-05-26,Released
MO00103,FG0011,LINE1,201,2025-07-16,Firm Planned
MO00104,FG0099,LINE2,29,2025-06-25,Planned
MO00105,FG0077,LINE3,320,2026-02-25,Planned
MO00106,FG0083,LINE2,373,2026-05-03,Planned
MO00107,FG0001,LINE3,287,2026-02-28,Firm Planned
MO00108,FG0003,LINE3,75,2025-04-19,Released
MO00109,FG0043,LINE3,198,2025-08-15,Planned
MO00110,FG0016,LINE1,71,2025-06-12,Planned
MO00111,FG0035,LINE2,77,2025-05-14,Planned
MO00112,FG0089,LINE1,304,2025-01-26,Released
MO00113,FG0010,LINE3,256,2026-05-21,Released
MO00114,FG0010,LINE1,104,2025-07-14,Released
MO00115,FG0085,LINE2,343,2025-08-24,Planned
MO00116,FG0058,LINE1,259,2025-10-09,Released
MO00117,FG0068,LINE1,74,2025-10-12,Firm Planned
MO00118,FG0038,LINE1,92,2025-11-10,Released
MO00119,FG0034,LINE1,123,2025-07-24,Firm Planned
MO00120,FG0095,LINE1,266,2025-10-21,Planned
MO00121,FG0022,LINE1,195,2025-07-20,Firm Planned
MO00122,FG0093,LINE3,112,2025-08-03,Released
MO00123,FG0035,LINE1,212,2025-10-17,Firm Planned
MO00124,FG0087,LINE3,114,2025-12-29,Planned
MO00125,FG0034,LINE2,286,2025-12-31,Planned
MO00126,FG0066,LINE2,127,2026-03-24,Planned
MO00127,FG0086,LINE3,265,2025-02-21,Firm Planned
MO00128,FG0029,LINE2,110,2025-07-11,Released
MO00129,FG0098,LINE3,269,2026-06-06,Planned
MO00130,FG0071,LINE3,320,2025-12-13,Firm Planned
MO00131,FG0020,LINE1,310,2025-01-30,Firm Planned
MO00132,FG0086,LINE2,293,2026-04-03,Released
MO00133,FG0077,LINE1,276,2026-02-17,Firm Planned
MO00134,FG0050,LINE1,291,2026-05-20,Firm Planned
MO00135,FG0039,LINE2,37,2025-03-10,Released
MO00136,FG0077,LINE3,160,2025-03-04,Firm Planned
MO00137,FG0096,LINE3,280,2026-05-30,Firm Planned
MO00138,FG0066,LINE1,129,2025-04-20,Firm Planned
MO00139,FG0016,LINE1,225,2025-10-06,Released
MO00140,FG0018,LINE2,330,2026-03-28,Planned
MO00141,FG0028,LINE2,40,2026-04-08,Firm Planned
MO00142,FG0017,LINE3,348,2025-01-05,Released
MO00143,FG0100,LINE1,46,2025-07-03,Released
MO00144,FG0068,LINE3,170,2025-08-30,Firm Planned
MO00145,FG0048,LINE1,237,2026-03-10,Planned
MO00146,FG0015,LINE2,145,2025-10-10,Released
MO00147,FG0001,LINE1,249,2025-07-07,Planned
MO00148,FG0025,LINE1,29,2025-11-27,Planned
MO00149,FG0048,LINE2,194,2025-05-01,Planned
MO00150,FG0058,LINE1,101,2025-10-31,Firm Planned
MO00151,FG0098,LINE2,119,2025-04-09,Planned
MO00152,FG0058,LINE3,262,2025-07-13,Released
MO00153,FG0089,LINE1,35,2025-07-21,Firm Planned
MO00154,FG0063,LINE1,263,2025-06-10,Planned
MO00155,FG0061,LINE2,202,2025-03-25,Planned
MO00156,FG0042,LINE3,59,2026-01-01,Planned
MO00157,FG0019,LINE3,293,2025-10-15,Released
MO00158,FG0058,LINE3,90,2025-08-23,Planned
MO00159,FG0049,LINE1,125,2026-01-05,Planned
MO00160,FG0089,LINE1,253,2025-09-28,Released
MO00161,FG0020,LINE3,40,2026-01-22,Firm Planned
MO00162,FG0017,LINE3,209,2026-05-17,Released
MO00163,FG0075,LINE2,317,2026-01-19,Released
MO00164,FG0091,LINE2,264,2025-12-12,Released
MO00165,FG0018,LINE2,234,2026-03-27,Released
MO00166,FG0020,LINE1,41,2026-05-01,Planned
MO00167,FG0070,LINE3,299,2025-10-24,Firm Planned
MO00168,FG0089,LINE2,49,2025-01-11,Firm Planned
MO00169,FG0060,LINE1,385,2025-06-16,Released
MO00170,FG0012,LINE1,289,2026-05-19,Planned
MO00171,FG0055,LINE3,322,2026-06-01,Released
MO00172,FG0021,LINE2,281,2025-05-09,Firm Planned
MO00173,FG0060,LINE1,141,2025-02-03,Released
MO00174,FG0093,LINE1,294,2026-01-18,Planned
MO00175,FG0069,LINE3,127,2025-07-18,Released
MO00176,FG0040,LINE3,68,2026-03-13,Released
MO00177,FG0002,LINE1,93,2025-07-24,Released
MO00178,FG0003,LINE1,73,2026-02-12,Released
MO00179,FG0024,LINE1,75,2026-03-09,Released
MO00180,FG0036,LINE2,308,2025-08-14,Released
MO00181,FG0098,LINE3,145,2025-02-04,Firm Planned
MO00182,FG0091,LINE1,105,2025-12-06,Firm Planned
MO00183,FG0027,LINE2,247,2026-05-14,Firm Planned
MO00184,FG0013,LINE3,315,2026-03-13,Planned
MO00185,FG0087,LINE1,335,2025-01-30,Released
MO00186,FG0041,LINE2,45,2025-05-08,Firm Planned
MO00187,FG0049,LINE2,223,2025-12-04,Released
MO00188,FG0043,LINE3,144,2025-03-30,Planned
MO00189,FG0026,LINE2,53,2025-07-22,Firm Planned
MO00190,FG0084,LINE2,128,2025-10-17,Firm Planned
MO00191,FG0028,LINE1,107,2025-03-28,Planned
MO00192,FG0086,LINE1,247,2026-01-04,Planned
MO00193,FG0078,LINE3,337,2025-06-14,Released
MO00194,FG0027,LINE3,172,2025-02-16,Released
MO00195,FG0013,LINE1,204,2025-09-04,Firm Planned
MO00196,FG0010,LINE1,386,2026-05-17,Planned
MO00197,FG0072,LINE1,347,2025-06-26,Released
MO00198,FG0023,LINE1,290,2025-03-21,Firm Planned
MO00199,FG0013,LINE3,36,2025-03-31,Planned
MO00200,FG0038,LINE1,82,2025-09-18,Planned
MO00201,FG0022,LINE2,113,2025-05-14,Firm Planned
MO00202,FG0080,LINE3,393,2025-12-09,Planned
MO00203,FG0060,LINE2,28,2025-03-09,Firm Planned
MO00204,FG0062,LINE2,206,2025-05-11,Released
MO00205,FG0090,LINE2,95,2025-06-24,Firm Planned
MO00206,FG0053,LINE3,359,2025-04-18,Planned
MO00207,FG0085,LINE2,284,2025-02-25,Firm Planned
MO00208,FG0039,LINE3,154,2026-05-05,Firm Planned
MO00209,FG0076,LINE1,118,2025-09-19,Released
MO00210,FG0099,LINE1,371,2026-03-27,Released
MO00211,FG0083,LINE3,193,2025-09-16,Released
MO00212,FG0015,LINE2,97,2026-06-10,Firm Planned
MO00213,FG0026,LINE2,285,2026-03-27,Firm Planned
MO00214,FG0020,LINE2,203,2025-09-29,Planned
MO00215,FG0071,LINE3,105,2026-06-15,Planned
MO00216,FG0056,LINE3,290,2025-11-17,Planned
MO00217,FG0026,LINE1,267,2025-12-24,Firm Planned
MO00218,FG0033,LINE2,186,2026-02-17,Released
MO00219,FG0030,LINE1,216,2025-12-14,Released
MO00220,FG0069,LINE3,173,2025-06-03,Released
MO00221,FG0051,LINE3,72,2025-06-17,Firm Planned
MO00222,FG0004,LINE1,144,2026-04-11,Released
MO00223,FG0014,LINE2,242,2025-08-29,Released
MO00224,FG0087,LINE1,145,2025-11-08,Firm Planned
MO00225,FG0093,LINE3,201,2026-06-05,Released
MO00226,FG0040,LINE3,214,2025-05-01,Firm Planned
MO00227,FG0081,LINE1,177,2025-10-31,Released
MO00228,FG0053,LINE1,261,2026-06-03,Released
MO00229,FG0061,LINE1,354,2025-09-03,Planned
MO00230,FG0074,LINE1,273,2026-05-17,Planned
MO00231,FG0043,LINE3,134,2026-03-27,Released
MO00232,FG0016,LINE1,46,2025-06-07,Planned
MO00233,FG0073,LINE1,293,2025-03-16,Released
MO00234,FG0087,LINE3,391,2025-01-27,Released
MO00235,FG0094,LINE2,222,2025-12-29,Planned
MO00236,FG0047,LINE3,24,2025-03-16,Firm Planned
MO00237,FG0031,LINE2,264,2026-03-13,Firm Planned
MO00238,FG0097,LINE1,141,2025-04-19,Firm Planned
MO00239,FG0093,LINE2,155,2026-04-27,Firm Planned
MO00240,FG0044,LINE3,37,2026-05-08,Released
MO00241,FG0002,LINE2,168,2025-08-23,Planned
MO00242,FG0075,LINE1,45,2026-05-02,Planned
MO00243,FG0045,LINE2,275,2025-07-12,Firm Planned
MO00244,FG0069,LINE3,367,2026-01-13,Firm Planned
MO00245,FG0010,LINE2,229,2025-05-19,Firm Planned
MO00246,FG0065,LINE1,392,2026-01-26,Planned
MO00247,FG0090,LINE2,325,2025-11-13,Firm Planned
MO00248,FG0036,LINE1,314,2025-11-22,Planned
MO00249,FG0031,LINE1,326,2025-09-24,Released
MO00250,FG0059,LINE2,217,2026-05-25,Planned
MO00251,FG0045,LINE2,344,2025-11-19,Released
MO00252,FG0001,LINE3,56,2026-06-12,Planned
MO00253,FG0068,LINE3,276,2025-05-09,Planned
MO00254,FG0038,LINE2,131,2025-09-10,Planned
MO00255,FG0052,LINE2,196,2025-11-03,Planned
MO00256,FG0059,LINE2,98,2025-11-13,Firm Planned
MO00257,FG0041,LINE2,43,2026-05-31,Firm Planned
MO00258,FG0066,LINE3,195,2026-02-17,Planned
MO00259,FG0100,LINE2,197,2026-03-13,Released
MO00260,FG0088,LINE2,55,2026-05-07,Planned
MO00261,FG0002,LINE3,34,2025-08-12,Planned
MO00262,FG0006,LINE3,189,2025-01-21,Released
MO00263,FG0003,LINE1,105,2025-01-17,Planned
MO00264,FG0087,LINE1,355,2025-11-27,Released
MO00265,FG0058,LINE3,374,2025-01-06,Released
MO00266,FG0013,LINE2,391,2026-04-02,Released
MO00267,FG0011,LINE1,230,2026-05-19,Released
MO00268,FG0017,LINE3,236,2026-04-23,Released
MO00269,FG0055,LINE1,160,2026-03-29,Released
MO00270,FG0088,LINE1,199,2026-05-06,Planned
MO00271,FG0015,LINE3,133,2026-05-16,Planned
MO00272,FG0054,LINE2,241,2025-06-27,Firm Planned
MO00273,FG0019,LINE3,35,2025-07-06,Firm Planned
MO00274,FG0023,LINE2,299,2025-01-28,Firm Planned
MO00275,FG0030,LINE1,329,2025-10-21,Planned
MO00276,FG0022,LINE1,102,2025-06-03,Planned
MO00277,FG0073,LINE1,192,2025-01-06,Released
MO00278,FG0068,LINE3,331,2026-06-03,Released
MO00279,FG0021,LINE3,49,2025-11-17,Firm Planned
MO00280,FG0060,LINE3,206,2026-02-08,Released
MO00281,FG0042,LINE2,213,2025-01-12,Firm Planned
MO00282,FG0043,LINE2,354,2025-03-02,Planned
MO00283,FG0067,LINE2,249,2025-03-25,Planned
MO00284,FG0070,LINE3,385,2025-12-10,Planned
MO00285,FG0091,LINE2,169,2026-01-19,Firm Planned
MO00286,FG0024,LINE2,182,2026-03-16,Firm Planned
MO00287,FG0025,LINE1,174,2025-08-14,Firm Planned
MO00288,FG0034,LINE1,23,2025-11-17,Planned
MO00289,FG0048,LINE3,383,2026-05-14,Planned
MO00290,FG0034,LINE3,51,2026-06-08,Planned
MO00291,FG0013,LINE3,382,2025-11-17,Released
MO00292,FG0015,LINE3,320,2025-08-21,Firm Planned
MO00293,FG0075,LINE3,325,2025-07-15,Planned
MO00294,FG0085,LINE2,218,2025-10-30,Firm Planned
MO00295,FG0068,LINE3,81,2025-01-31,Released
MO00296,FG0046,LINE2,246,2025-09-26,Planned
MO00297,FG0005,LINE3,135,2025-04-26,Firm Planned
MO00298,FG0006,LINE1,205,2026-02-08,Planned
MO00299,FG0097,LINE2,85,2025-01-09,Released
MO00300,FG0040,LINE2,251,2025-12-20,Planned
MO00301,FG0091,LINE3,28,2026-06-19,Firm Planned
MO00302,FG0041,LINE1,235,2026-01-21,Released
MO00303,FG0028,LINE2,63,2025-01-15,Released
MO00304,FG0083,LINE1,198,2025-02-15,Firm Planned
MO00305,FG0041,LINE3,281,2025-03-28,Firm Planned
MO00306,FG0042,LINE2,219,2025-07-03,Released
MO00307,FG0084,LINE2,331,2025-09-25,Released
MO00308,FG0016,LINE2,207,2025-10-20,Planned
MO00309,FG0029,LINE2,206,2025-05-22,Planned
MO00310,FG0033,LINE3,128,2025-09-17,Released
MO00311,FG0059,LINE2,310,2026-03-15,Firm Planned
MO00312,FG0081,LINE2,77,2025-04-13,Planned
MO00313,FG0100,LINE3,303,2026-01-10,Planned
MO00314,FG0007,LINE2,102,2025-03-19,Planned
MO00315,FG0018,LINE3,334,2025-12-16,Released
MO00316,FG0043,LINE3,300,2025-11-16,Planned
MO00317,FG0069,LINE1,339,2025-10-18,Released
MO00318,FG0017,LINE3,25,2025-06-28,Planned
MO00319,FG0034,LINE2,157,2025-10-31,Released
MO00320,FG0030,LINE1,286,2025-12-19,Planned
MO00321,FG0061,LINE3,86,2025-10-13,Released
MO00322,FG0094,LINE1,91,2026-02-06,Released
MO00323,FG0081,LINE2,56,2025-04-24,Released
MO00324,FG0097,LINE3,296,2025-11-18,Planned
MO00325,FG0003,LINE2,188,2025-01-13,Released
MO00326,FG0065,LINE2,172,2025-07-11,Planned
MO00327,FG0052,LINE3,47,2025-12-09,Planned
MO00328,FG0058,LINE2,307,2025-07-28,Released
MO00329,FG0099,LINE2,240,2026-06-10,Firm Planned
MO00330,FG0026,LINE1,158,2025-03-02,Firm Planned
MO00331,FG0007,LINE1,279,2026-06-24,Planned
MO00332,FG0009,LINE3,284,2025-05-17,Released
MO00333,FG0071,LINE3,22,2025-07-11,Released
MO00334,FG0013,LINE1,250,2026-04-22,Planned
MO00335,FG0028,LINE2,219,2025-03-26,Released
MO00336,FG0072,LINE2,316,2026-02-26,Released
MO00337,FG0017,LINE2,348,2025-04-16,Planned
MO00338,FG0072,LINE1,273,2025-07-02,Planned
MO00339,FG0078,LINE3,224,2026-03-28,Firm Planned
MO00340,FG0086,LINE2,238,2025-06-10,Firm Planned
MO00341,FG0016,LINE1,30,2026-06-22,Released
MO00342,FG0075,LINE3,393,2026-03-28,Planned
MO00343,FG0012,LINE3,161,2025-02-23,Planned
MO00344,FG0022,LINE2,265,2025-01-28,Released
MO00345,FG0082,LINE3,246,2025-12-25,Firm Planned
MO00346,FG0004,LINE1,132,2025-06-10,Released
MO00347,FG0087,LINE2,153,2025-10-18,Planned
MO00348,FG0078,LINE3,268,2025-01-02,Released
MO00349,FG0027,LINE1,68,2025-01-29,Released
MO00350,FG0042,LINE3,28,2025-04-19,Planned
MO00351,FG0027,LINE1,126,2026-04-16,Released
MO00352,FG0091,LINE1,207,2026-02-02,Firm Planned
MO00353,FG0014,LINE1,332,2026-01-13,Planned
MO00354,FG0020,LINE3,65,2025-06-06,Firm Planned
MO00355,FG0023,LINE2,301,2025-01-03,Released
MO00356,FG0070,LINE2,384,2026-01-25,Firm Planned
MO00357,FG0014,LINE3,233,2026-04-17,Released
MO00358,FG0002,LINE2,240,2025-09-04,Released
MO00359,FG0032,LINE2,153,2026-02-27,Firm Planned
MO00360,FG0073,LINE3,21,2026-02-03,Firm Planned
MO00361,FG0070,LINE1,134,2026-04-23,Released
MO00362,FG0015,LINE1,158,2025-05-08,Released
MO00363,FG0077,LINE1,302,2025-03-17,Released
MO00364,FG0060,LINE1,116,2025-10-12,Planned
MO00365,FG0080,LINE3,379,2025-04-28,Planned
MO00366,FG0002,LINE3,66,2025-11-28,Released
MO00367,FG0035,LINE1,270,2025-04-18,Released
MO00368,FG0074,LINE1,181,2026-03-22,Firm Planned
MO00369,FG0038,LINE3,50,2025-12-29,Released
MO00370,FG0008,LINE1,381,2025-08-16,Firm Planned
MO00371,FG0001,LINE1,34,2025-04-20,Released
MO00372,FG0005,LINE1,261,2026-02-02,Released
MO00373,FG0034,LINE3,353,2025-07-30,Planned
MO00374,FG0073,LINE1,320,2025-11-02,Planned
MO00375,FG0071,LINE1,202,2026-05-21,Firm Planned
MO00376,FG0005,LINE3,207,2025-02-01,Planned
MO00377,FG0065,LINE2,118,2025-03-22,Released
MO00378,FG0061,LINE1,197,2026-02-02,Planned
MO00379,FG0025,LINE2,148,2026-05-18,Firm Planned
MO00380,FG0092,LINE3,324,2026-05-29,Released
MO00381,FG0074,LINE2,320,2025-11-28,Released
MO00382,FG0032,LINE1,195,2025-06-18,Planned
MO00383,FG0077,LINE2,292,2025-09-08,Firm Planned
MO00384,FG0051,LINE1,240,2026-02-17,Firm Planned
MO00385,FG0059,LINE3,123,2025-08-16,Firm Planned
MO00386,FG0077,LINE3,87,2026-06-08,Firm Planned
MO00387,FG0007,LINE2,395,2026-04-20,Planned
MO00388,FG0028,LINE3,108,2025-02-18,Planned
MO00389,FG0013,LINE1,56,2025-08-28,Planned
MO00390,FG0016,LINE3,341,2026-02-15,Planned
MO00391,FG0013,LINE1,204,2025-10-19,Released
MO00392,FG0015,LINE3,263,2025-03-19,Planned
MO00393,FG0003,LINE3,174,2025-03-27,Released
MO00394,FG0066,LINE2,224,2025-06-02,Firm Planned
MO00395,FG0015,LINE3,310,2025-05-08,Planned
MO00396,FG0016,LINE1,173,2025-05-03,Planned
MO00397,FG0055,LINE3,187,2025-01-25,Released
MO00398,FG0010,LINE2,388,2025-06-28,Released
MO00399,FG0066,LINE3,103,2025-01-11,Firm Planned
MO00400,FG0030,LINE1,74,2025-03-31,Planned
MO00401,FG0036,LINE2,224,2025-02-19,Firm Planned
MO00402,FG0036,LINE1,218,2025-07-07,Released
MO00403,FG0017,LINE1,39,2026-04-27,Firm Planned
MO00404,FG0089,LINE3,301,2025-07-30,Planned
MO00405,FG0067,LINE2,26,2025-07-18,Planned
MO00406,FG0018,LINE2,284,2025-04-03,Planned
MO00407,FG0082,LINE1,389,2026-04-25,Firm Planned
MO00408,FG0022,LINE1,183,2026-01-31,Firm Planned
MO00409,FG0047,LINE3,72,2026-06-19,Planned
MO00410,FG0092,LINE2,166,2025-08-20,Released
MO00411,FG0041,LINE1,35,2026-02-26,Released
MO00412,FG0049,LINE2,79,2025-04-11,Released
MO00413,FG0048,LINE1,296,2025-08-03,Planned
MO00414,FG0038,LINE1,224,2025-03-15,Released
MO00415,FG0012,LINE2,198,2025-12-09,Planned
MO00416,FG0070,LINE1,195,2025-08-30,Released
MO00417,FG0063,LINE3,352,2025-02-17,Planned
MO00418,FG0041,LINE1,330,2025-09-19,Released
MO00419,FG0080,LINE1,232,2025-10-13,Released
MO00420,FG0022,LINE1,342,2025-07-09,Planned
MO00421,FG0075,LINE1,258,2026-06-03,Firm Planned
MO00422,FG0072,LINE1,284,2025-11-11,Firm Planned
MO00423,FG0012,LINE1,127,2025-08-24,Released
MO00424,FG0081,LINE1,306,2026-01-19,Released
MO00425,FG0095,LINE1,289,2025-08-27,Released
MO00426,FG0035,LINE2,222,2026-06-17,Firm Planned
MO00427,FG0086,LINE2,69,2026-04-23,Released
MO00428,FG0051,LINE3,251,2025-10-17,Released
MO00429,FG0035,LINE1,29,2026-05-05,Released
MO00430,FG0009,LINE2,372,2025-01-26,Released
MO00431,FG0062,LINE3,98,2025-11-20,Planned
MO00432,FG0017,LINE3,238,2025-09-08,Planned
MO00433,FG0047,LINE3,116,2026-01-12,Firm Planned
MO00434,FG0005,LINE2,113,2025-11-01,Firm Planned
MO00435,FG0026,LINE2,251,2026-05-09,Planned
MO00436,FG0083,LINE1,69,2025-06-23,Firm Planned
MO00437,FG0050,LINE2,63,2025-01-04,Firm Planned
MO00438,FG0016,LINE2,22,2025-06-08,Firm Planned
MO00439,FG0065,LINE1,111,2025-09-17,Planned
MO00440,FG0078,LINE1,307,2025-03-24,Released
MO00441,FG0062,LINE1,157,2026-02-13,Planned
MO00442,FG0026,LINE3,113,2025-03-27,Planned
MO00443,FG0055,LINE3,360,2025-03-15,Planned
MO00444,FG0026,LINE3,342,2026-06-10,Released
MO00445,FG0013,LINE3,133,2026-01-13,Released
MO00446,FG0067,LINE2,80,2025-04-19,Firm Planned
MO00447,FG0080,LINE3,256,2025-10-22,Released
MO00448,FG0024,LINE2,179,2026-06-04,Planned
MO00449,FG0090,LINE3,335,2025-09-16,Firm Planned
MO00450,FG0014,LINE1,57,2025-08-19,Released
MO00451,FG0071,LINE2,81,2026-05-09,Released
MO00452,FG0081,LINE1,247,2026-02-28,Planned
MO00453,FG0033,LINE2,102,2026-03-18,Planned
MO00454,FG0065,LINE3,352,2025-01-24,Released
MO00455,FG0051,LINE1,310,2025-12-24,Firm Planned
MO00456,FG0073,LINE1,354,2025-11-26,Firm Planned
MO00457,FG0070,LINE1,226,2025-01-06,Planned
MO00458,FG0029,LINE3,142,2026-03-06,Firm Planned
MO00459,FG0036,LINE1,186,2026-05-04,Firm Planned
MO00460,FG0006,LINE1,206,2025-01-14,Released
MO00461,FG0017,LINE3,107,2025-02-28,Firm Planned
MO00462,FG0080,LINE2,125,2025-08-30,Planned
MO00463,FG0003,LINE3,378,2025-08-14,Released
MO00464,FG0003,LINE2,376,2025-11-07,Released
MO00465,FG0039,LINE2,62,2025-04-30,Planned
MO00466,FG0030,LINE2,119,2025-02-09,Planned
MO00467,FG0054,LINE3,80,2026-04-11,Planned
MO00468,FG0075,LINE3,162,2026-04-13,Firm Planned
MO00469,FG0078,LINE3,241,2025-12-01,Released
MO00470,FG0064,LINE2,205,2025-07-17,Planned
MO00471,FG0064,LINE2,389,2025-05-09,Released
MO00472,FG0044,LINE3,153,2025-06-22,Planned
MO00473,FG0089,LINE2,301,2025-08-26,Released
MO00474,FG0097,LINE2,206,2025-07-10,Released
MO00475,FG0050,LINE2,36,2025-07-13,Released
MO00476,FG0030,LINE2,225,2025-08-25,Planned
MO00477,FG0025,LINE3,357,2025-01-24,Planned
MO00478,FG0029,LINE3,127,2025-06-22,Released
MO00479,FG0024,LINE1,112,2026-02-11,Firm Planned
MO00480,FG0058,LINE2,198,2025-11-27,Released
MO00481,FG0046,LINE2,75,2025-08-20,Planned
MO00482,FG0053,LINE1,80,2025-07-21,Released
MO00483,FG0093,LINE3,174,2025-11-22,Firm Planned
MO00484,FG0053,LINE3,216,2025-03-21,Planned
MO00485,FG0018,LINE1,246,2025-01-13,Firm Planned
MO00486,FG0081,LINE3,358,2025-05-19,Firm Planned
MO00487,FG0095,LINE1,193,2025-11-14,Planned
MO00488,FG0054,LINE3,208,2025-05-04,Released
MO00489,FG0044,LINE2,73,2025-01-08,Released
MO00490,FG0049,LINE1,32,2025-09-05,Released
MO00491,FG0070,LINE3,351,2025-10-15,Firm Planned
MO00492,FG0095,LINE1,334,2025-01-24,Planned
MO00493,FG0077,LINE3,343,2025-09-09,Planned
MO00494,FG0016,LINE1,112,2025-11-07,Planned
MO00495,FG0069,LINE2,296,2026-03-15,Planned
MO00496,FG0047,LINE1,388,2025-10-24,Planned
MO00497,FG0062,LINE2,74,2025-02-05,Planned
MO00498,FG0058,LINE3,241,2026-04-03,Firm Planned
MO00499,FG0098,LINE2,168,2025-01-04,Planned
MO00500,FG0049,LINE2,198,2026-04-14,Firm Planned
MO00501,FG0092,LINE3,343,2025-11-30,Released
MO00502,FG0090,LINE1,142,2026-06-25,Planned
MO00503,FG0083,LINE3,49,2026-06-05,Released
MO00504,FG0050,LINE1,40,2026-02-07,Planned
MO00505,FG0089,LINE1,328,2025-10-31,Firm Planned
MO00506,FG0041,LINE1,247,2025-05-26,Released
MO00507,FG0044,LINE2,234,2025-02-14,Released
MO00508,FG0016,LINE1,129,2026-02-13,Planned
MO00509,FG0078,LINE3,238,2025-09-20,Planned
MO00510,FG0087,LINE3,341,2025-12-05,Released
MO00511,FG0048,LINE1,333,2025-08-08,Planned
MO00512,FG0074,LINE3,380,2026-05-28,Firm Planned
MO00513,FG0074,LINE3,96,2025-03-22,Planned
MO00514,FG0002,LINE1,378,2026-03-25,Released
MO00515,FG0005,LINE2,285,2025-03-16,Firm Planned
MO00516,FG0089,LINE1,304,2026-04-21,Planned
MO00517,FG0016,LINE3,205,2025-05-11,Released
MO00518,FG0094,LINE3,385,2025-05-29,Firm Planned
MO00519,FG0071,LINE2,262,2025-03-27,Firm Planned
MO00520,FG0034,LINE1,70,2026-05-13,Firm Planned
MO00521,FG0074,LINE3,130,2026-06-23,Planned
MO00522,FG0070,LINE3,234,2025-12-28,Firm Planned
MO00523,FG0066,LINE2,111,2026-05-22,Released
MO00524,FG0058,LINE2,224,2025-08-11,Firm Planned
MO00525,FG0046,LINE2,251,2025-12-12,Released
MO00526,FG0017,LINE1,238,2026-06-11,Released
MO00527,FG0094,LINE3,220,2025-07-07,Released
MO00528,FG0062,LINE2,59,2025-10-31,Released
MO00529,FG0014,LINE1,332,2026-01-16,Released
MO00530,FG0048,LINE3,205,2025-09-29,Released
MO00531,FG0037,LINE3,322,2025-04-11,Released
MO00532,FG0099,LINE1,251,2025-08-22,Released
MO00533,FG0020,LINE1,30,2025-04-11,Firm Planned
MO00534,FG0064,LINE1,20,2025-07-17,Firm Planned
MO00535,FG0027,LINE3,369,2025-10-18,Planned
MO00536,FG0093,LINE2,375,2025-02-17,Planned
MO00537,FG0099,LINE2,37,2026-03-29,Released
MO00538,FG0072,LINE2,113,2025-04-16,Planned
MO00539,FG0065,LINE1,195,2025-02-03,Planned
MO00540,FG0014,LINE3,341,2025-06-14,Firm Planned
MO00541,FG0096,LINE2,22,2026-01-26,Firm Planned
MO00542,FG0025,LINE2,147,2026-06-21,Planned
MO00543,FG0042,LINE1,381,2025-07-28,Released
MO00544,FG0040,LINE1,277,2026-06-25,Firm Planned
MO00545,FG0013,LINE2,191,2025-05-27,Firm Planned
MO00546,FG0063,LINE2,366,2025-04-25,Firm Planned
MO00547,FG0090,LINE1,156,2025-05-29,Firm Planned
MO00548,FG0089,LINE3,190,2025-01-07,Released
MO00549,FG0100,LINE1,142,2025-10-14,Firm Planned
MO00550,FG0075,LINE1,316,2025-10-20,Firm Planned
MO00551,FG0071,LINE2,386,2025-04-24,Planned
MO00552,FG0048,LINE2,167,2025-04-05,Planned
MO00553,FG0010,LINE3,232,2026-03-17,Firm Planned
MO00554,FG0095,LINE3,383,2025-04-12,Released
MO00555,FG0024,LINE1,58,2025-08-24,Firm Planned
MO00556,FG0069,LINE3,376,2025-09-19,Planned
MO00557,FG0078,LINE1,254,2026-02-14,Planned
MO00558,FG0022,LINE1,308,2025-07-03,Planned
MO00559,FG0081,LINE2,266,2025-02-28,Released
MO00560,FG0017,LINE2,196,2025-05-27,Released
MO00561,FG0074,LINE2,245,2025-07-30,Firm Planned
MO00562,FG0030,LINE2,99,2025-10-03,Planned
MO00563,FG0094,LINE1,261,2025-05-10,Firm Planned
MO00564,FG0013,LINE2,263,2025-12-16,Planned
MO00565,FG0066,LINE1,373,2025-01-05,Firm Planned
MO00566,FG0018,LINE2,157,2025-08-13,Released
MO00567,FG0001,LINE2,339,2025-07-27,Planned
MO00568,FG0087,LINE1,322,2025-05-27,Planned
MO00569,FG0025,LINE3,317,2025-07-08,Planned
MO00570,FG0065,LINE2,299,2025-09-12,Planned
MO00571,FG0091,LINE3,366,2026-03-05,Firm Planned
MO00572,FG0046,LINE2,186,2026-05-06,Planned
MO00573,FG0068,LINE1,103,2025-09-23,Firm Planned
MO00574,FG0017,LINE1,390,2025-03-18,Released
MO00575,FG0054,LINE1,372,2025-11-12,Released
MO00576,FG0083,LINE3,93,2025-07-24,Firm Planned
MO00577,FG0054,LINE1,176,2026-01-14,Planned
MO00578,FG0002,LINE3,267,2026-03-15,Planned
MO00579,FG0100,LINE1,103,2025-02-28,Firm Planned
MO00580,FG0054,LINE1,340,2025-03-08,Released
MO00581,FG0029,LINE1,139,2025-12-01,Planned
MO00582,FG0031,LINE2,161,2026-01-20,Planned
MO00583,FG0050,LINE1,97,2025-09-24,Planned
MO00584,FG0036,LINE3,300,2025-07-03,Firm Planned
MO00585,FG0093,LINE3,129,2025-01-25,Firm Planned
MO00586,FG0088,LINE2,112,2025-09-08,Released
MO00587,FG0015,LINE1,383,2026-06-11,Planned
MO00588,FG0082,LINE2,399,2025-12-04,Planned
MO00589,FG0002,LINE3,76,2025-09-23,Firm Planned
MO00590,FG0088,LINE2,341,2026-05-04,Firm Planned
MO00591,FG0005,LINE3,296,2025-02-28,Released
MO00592,FG0007,LINE1,336,2026-03-13,Planned
MO00593,FG0049,LINE3,327,2025-12-07,Released
MO00594,FG0069,LINE3,238,2025-06-03,Firm Planned
MO00595,FG0020,LINE2,188,2025-03-24,Firm Planned
MO00596,FG0067,LINE2,389,2025-12-06,Released
MO00597,FG0095,LINE3,48,2025-09-22,Firm Planned
MO00598,FG0024,LINE2,223,2025-12-19,Released
MO00599,FG0072,LINE3,159,2025-11-10,Released
MO00600,FG0012,LINE3,318,2025-01-01,Firm Planned
MO00601,FG0072,LINE3,307,2026-03-12,Released
MO00602,FG0007,LINE3,125,2026-06-19,Firm Planned
MO00603,FG0034,LINE2,300,2025-07-04,Released
MO00604,FG0046,LINE3,324,2025-06-03,Released
MO00605,FG0096,LINE3,264,2026-06-20,Firm Planned
MO00606,FG0033,LINE2,315,2025-06-12,Firm Planned
MO00607,FG0097,LINE1,329,2025-09-02,Firm Planned
MO00608,FG0028,LINE2,309,2025-09-09,Released
MO00609,FG0049,LINE2,186,2025-06-25,Released
MO00610,FG0048,LINE3,304,2026-02-21,Released
MO00611,FG0027,LINE2,108,2025-07-22,Firm Planned
MO00612,FG0025,LINE3,353,2025-10-27,Planned
MO00613,FG0098,LINE1,398,2025-08-04,Planned
MO00614,FG0092,LINE1,160,2025-06-29,Planned
MO00615,FG0049,LINE2,65,2025-01-14,Released
MO00616,FG0045,LINE2,143,2025-01-23,Released
MO00617,FG0085,LINE2,286,2026-02-07,Released
MO00618,FG0090,LINE1,165,2026-06-11,Released
MO00619,FG0003,LINE3,59,2026-06-19,Released
MO00620,FG0091,LINE1,199,2025-10-12,Firm Planned
MO00621,FG0047,LINE3,114,2025-03-27,Planned
MO00622,FG0020,LINE1,168,2025-07-17,Firm Planned
MO00623,FG0004,LINE1,53,2025-01-24,Firm Planned
MO00624,FG0027,LINE2,183,2026-03-05,Released
MO00625,FG0048,LINE1,384,2025-05-29,Released
MO00626,FG0002,LINE3,332,2025-10-26,Planned
MO00627,FG0028,LINE3,31,2025-02-05,Firm Planned
MO00628,FG0053,LINE1,207,2025-05-21,Planned
MO00629,FG0080,LINE3,218,2025-09-14,Firm Planned
MO00630,FG0015,LINE2,211,2025-11-22,Planned
MO00631,FG0087,LINE2,255,2025-02-16,Planned
MO00632,FG0095,LINE1,318,2025-07-19,Firm Planned
MO00633,FG0058,LINE1,161,2025-05-24,Released
MO00634,FG0077,LINE3,159,2025-12-27,Firm Planned
MO00635,FG0003,LINE1,277,2025-03-15,Released
MO00636,FG0070,LINE3,228,2025-04-17,Released
MO00637,FG0049,LINE1,130,2026-02-24,Released
MO00638,FG0079,LINE2,110,2025-12-13,Firm Planned
MO00639,FG0048,LINE3,271,2025-07-24,Firm Planned
MO00640,FG0063,LINE3,382,2025-06-06,Planned
MO00641,FG0093,LINE1,100,2026-02-03,Planned
MO00642,FG0081,LINE2,281,2025-02-27,Planned
MO00643,FG0078,LINE2,261,2026-03-04,Planned
MO00644,FG0021,LINE1,60,2025-12-13,Released
MO00645,FG0081,LINE2,220,2025-06-04,Planned
MO00646,FG0046,LINE2,162,2025-05-05,Released
MO00647,FG0001,LINE1,74,2025-06-12,Planned
MO00648,FG0044,LINE2,169,2026-03-26,Firm Planned
MO00649,FG0099,LINE2,358,2026-01-01,Firm Planned
MO00650,FG0072,LINE3,135,2025-11-03,Planned
MO00651,FG0066,LINE2,169,2025-10-05,Released
MO00652,FG0057,LINE3,110,2025-11-28,Firm Planned
MO00653,FG0087,LINE1,343,2025-06-16,Firm Planned
MO00654,FG0050,LINE3,229,2025-11-27,Planned
MO00655,FG0036,LINE1,266,2025-09-07,Planned
MO00656,FG0070,LINE2,222,2025-02-27,Planned
MO00657,FG0036,LINE1,59,2025-05-10,Firm Planned
MO00658,FG0033,LINE1,42,2025-04-26,Released
MO00659,FG0096,LINE3,85,2026-05-26,Planned
MO00660,FG0064,LINE3,138,2025-01-19,Planned
MO00661,FG0003,LINE1,31,2025-10-07,Firm Planned
MO00662,FG0019,LINE1,185,2025-02-12,Released
MO00663,FG0051,LINE3,363,2025-02-05,Released
MO00664,FG0042,LINE2,35,2026-05-19,Planned
MO00665,FG0097,LINE2,51,2025-05-13,Released
MO00666,FG0089,LINE2,226,2026-02-03,Firm Planned
MO00667,FG0051,LINE2,367,2026-06-08,Planned
MO00668,FG0084,LINE2,340,2025-11-23,Planned
MO00669,FG0006,LINE1,40,2025-08-29,Released
MO00670,FG0079,LINE2,30,2026-06-16,Planned
MO00671,FG0041,LINE2,114,2025-06-20,Planned
MO00672,FG0065,LINE3,252,2025-12-04,Planned
MO00673,FG0046,LINE3,375,2026-03-16,Planned
MO00674,FG0027,LINE2,319,2025-08-17,Planned
MO00675,FG0039,LINE2,209,2026-03-25,Released
MO00676,FG0062,LINE1,207,2025-05-16,Planned
MO00677,FG0051,LINE3,226,2026-01-21,Planned
MO00678,FG0052,LINE2,351,2026-06-19,Firm Planned
MO00679,FG0085,LINE1,327,2025-12-16,Released
MO00680,FG0092,LINE1,170,2025-01-29,Planned
MO00681,FG0077,LINE3,79,2025-02-11,Firm Planned
MO00682,FG0001,LINE2,151,2025-12-07,Firm Planned
MO00683,FG0090,LINE1,153,2025-06-21,Firm Planned
MO00684,FG0087,LINE2,188,2026-03-29,Planned
MO00685,FG0069,LINE1,162,2025-02-07,Planned
MO00686,FG0027,LINE3,291,2026-01-18,Planned
MO00687,FG0085,LINE3,305,2026-04-20,Planned
MO00688,FG0079,LINE3,333,2025-01-30,Firm Planned
MO00689,FG0011,LINE1,88,2025-06-24,Planned
MO00690,FG0085,LINE3,163,2025-09-26,Released
MO00691,FG0057,LINE1,247,2026-01-15,Released
MO00692,FG0002,LINE2,313,2025-08-04,Firm Planned
MO00693,FG0005,LINE2,144,2025-07-28,Firm Planned
MO00694,FG0031,LINE3,43,2025-11-07,Released
MO00695,FG0100,LINE2,280,2025-06-06,Planned
MO00696,FG0032,LINE1,108,2025-05-29,Released
MO00697,FG0052,LINE1,91,2026-02-21,Planned
MO00698,FG0087,LINE3,107,2026-01-16,Released
MO00699,FG0084,LINE1,98,2025-05-07,Planned
MO00700,FG0034,LINE3,297,2025-01-01,Planned
MO00701,FG0046,LINE3,387,2026-03-05,Released
MO00702,FG0042,LINE2,338,2025-11-23,Firm Planned
MO00703,FG0086,LINE2,332,2025-01-05,Firm Planned
MO00704,FG0007,LINE1,124,2025-10-10,Planned
MO00705,FG0028,LINE3,283,2025-03-17,Planned
MO00706,FG0024,LINE3,95,2026-06-24,Released
MO00707,FG0033,LINE2,123,2026-05-23,Planned
MO00708,FG0055,LINE3,56,2025-01-18,Firm Planned
MO00709,FG0019,LINE1,229,2026-06-11,Firm Planned
MO00710,FG0062,LINE2,143,2025-10-06,Firm Planned
MO00711,FG0063,LINE3,75,2025-02-11,Released
MO00712,FG0063,LINE3,180,2025-03-24,Firm Planned
MO00713,FG0087,LINE3,64,2026-06-02,Planned
MO00714,FG0094,LINE3,41,2026-06-04,Released
MO00715,FG0093,LINE2,387,2025-07-07,Released
MO00716,FG0049,LINE3,389,2025-06-09,Planned
MO00717,FG0082,LINE2,371,2026-04-26,Planned
MO00718,FG0097,LINE2,210,2025-12-01,Firm Planned
MO00719,FG0060,LINE1,46,2025-05-05,Planned
MO00720,FG0014,LINE1,364,2025-05-17,Firm Planned
MO00721,FG0095,LINE2,225,2025-08-18,Released
MO00722,FG0073,LINE3,237,2025-08-12,Firm Planned
MO00723,FG0047,LINE2,134,2025-02-13,Released
MO00724,FG0065,LINE3,370,2026-03-25,Planned
MO00725,FG0034,LINE1,148,2025-07-30,Planned
MO00726,FG0082,LINE3,283,2025-06-21,Firm Planned
MO00727,FG0002,LINE1,380,2025-02-26,Released
MO00728,FG0062,LINE2,149,2025-11-18,Released
MO00729,FG0034,LINE2,298,2026-04-22,Planned
MO00730,FG0038,LINE2,353,2025-12-21,Released
MO00731,FG0062,LINE3,324,2025-09-14,Planned
MO00732,FG0071,LINE3,46,2025-06-17,Released
MO00733,FG0022,LINE2,263,2025-11-27,Firm Planned
MO00734,FG0053,LINE1,293,2025-07-20,Released
MO00735,FG0014,LINE1,311,2025-06-11,Planned
MO00736,FG0027,LINE2,323,2026-03-09,Released
MO00737,FG0076,LINE3,279,2026-04-21,Released
MO00738,FG0050,LINE1,192,2025-09-16,Planned
MO00739,FG0036,LINE3,399,2026-01-09,Planned
MO00740,FG0010,LINE1,333,2026-03-05,Released
MO00741,FG0020,LINE3,306,2025-03-21,Planned
MO00742,FG0098,LINE1,264,2025-08-12,Planned
MO00743,FG0050,LINE2,60,2026-03-01,Released
MO00744,FG0051,LINE2,347,2026-04-09,Firm Planned
MO00745,FG0082,LINE1,311,2025-02-01,Firm Planned
MO00746,FG0091,LINE2,103,2026-04-11,Released
MO00747,FG0072,LINE3,387,2025-08-20,Released
MO00748,FG0090,LINE2,260,2025-12-12,Firm Planned
MO00749,FG0006,LINE1,318,2026-04-10,Released
MO00750,FG0042,LINE2,74,2026-04-03,Firm Planned
MO00751,FG0039,LINE2,114,2025-05-29,Released
MO00752,FG0012,LINE1,242,2025-08-20,Released
MO00753,FG0014,LINE2,178,2025-04-24,Planned
MO00754,FG0029,LINE2,31,2025-10-09,Released
MO00755,FG0055,LINE2,64,2026-06-21,Firm Planned
MO00756,FG0023,LINE1,160,2026-04-29,Planned
MO00757,FG0078,LINE3,291,2025-06-29,Released
MO00758,FG0007,LINE3,283,2026-05-11,Firm Planned
MO00759,FG0046,LINE2,269,2025-06-15,Planned
MO00760,FG0094,LINE2,63,2025-04-18,Planned
MO00761,FG0021,LINE1,195,2026-05-10,Planned
MO00762,FG0009,LINE3,51,2026-04-23,Planned
MO00763,FG0045,LINE3,129,2025-02-09,Released
MO00764,FG0006,LINE1,330,2026-03-06,Released
MO00765,FG0060,LINE3,28,2025-04-21,Released
MO00766,FG0056,LINE3,241,2026-05-18,Released
MO00767,FG0027,LINE3,228,2026-01-11,Released
MO00768,FG0003,LINE3,131,2026-03-03,Firm Planned
MO00769,FG0043,LINE2,93,2026-04-28,Planned
MO00770,FG0057,LINE3,162,2025-01-06,Released
MO00771,FG0100,LINE1,139,2025-02-17,Planned
MO00772,FG0020,LINE1,330,2025-12-24,Firm Planned
MO00773,FG0032,LINE2,57,2025-11-15,Released
MO00774,FG0093,LINE2,65,2025-07-03,Planned
MO00775,FG0053,LINE1,50,2025-12-01,Firm Planned
MO00776,FG0091,LINE2,254,2026-06-14,Firm Planned
MO00777,FG0070,LINE2,24,2025-06-28,Firm Planned
MO00778,FG0052,LINE2,259,2026-04-17,Planned
MO00779,FG0009,LINE2,35,2025-01-12,Planned
MO00780,FG0044,LINE1,248,2025-08-27,Firm Planned
MO00781,FG0057,LINE3,94,2026-01-21,Firm Planned
MO00782,FG0024,LINE3,271,2025-11-12,Firm Planned
MO00783,FG0058,LINE2,253,2025-11-15,Planned
MO00784,FG0062,LINE3,338,2025-07-17,Planned
MO00785,FG0054,LINE3,379,2025-08-09,Released
MO00786,FG0028,LINE1,316,2026-04-25,Firm Planned
MO00787,FG0005,LINE1,327,2026-03-30,Firm Planned
MO00788,FG0071,LINE1,187,2025-01-04,Planned
MO00789,FG0067,LINE1,346,2026-04-09,Firm Planned
MO00790,FG0007,LINE3,63,2025-01-15,Released
MO00791,FG0088,LINE3,171,2025-04-18,Planned
MO00792,FG0091,LINE2,125,2025-05-07,Released
MO00793,FG0003,LINE2,93,2026-02-15,Planned
MO00794,FG0090,LINE2,72,2026-01-26,Firm Planned
MO00795,FG0083,LINE1,236,2025-09-19,Firm Planned
MO00796,FG0083,LINE3,46,2026-05-10,Firm Planned
MO00797,FG0080,LINE2,354,2026-02-13,Firm Planned
MO00798,FG0061,LINE3,332,2026-03-12,Firm Planned
MO00799,FG0011,LINE2,101,2025-07-25,Planned
MO00800,FG0046,LINE2,152,2026-05-16,Firm Planned
MO00801,FG0088,LINE3,268,2026-03-25,Planned
MO00802,FG0042,LINE2,199,2025-05-29,Planned
MO00803,FG0087,LINE2,178,2025-11-04,Firm Planned
MO00804,FG0095,LINE1,136,2025-11-19,Firm Planned
MO00805,FG0079,LINE3,36,2026-03-30,Planned
MO00806,FG0088,LINE2,311,2025-08-05,Released
MO00807,FG0003,LINE1,380,2025-04-22,Released
MO00808,FG0040,LINE2,111,2026-04-26,Released
MO00809,FG0005,LINE2,208,2026-04-30,Planned
MO00810,FG0010,LINE2,321,2026-03-31,Planned
MO00811,FG0029,LINE2,369,2025-05-28,Planned
MO00812,FG0007,LINE2,176,2025-04-06,Released
MO00813,FG0074,LINE2,150,2025-06-08,Released
MO00814,FG0052,LINE1,171,2026-01-22,Firm Planned
MO00815,FG0014,LINE2,168,2026-04-18,Firm Planned
MO00816,FG0054,LINE3,354,2025-12-07,Planned
MO00817,FG0028,LINE2,30,2025-05-03,Firm Planned
MO00818,FG0009,LINE2,166,2026-06-23,Firm Planned
MO00819,FG0072,LINE3,362,2026-03-01,Planned
MO00820,FG0010,LINE3,66,2025-11-28,Firm Planned
MO00821,FG0085,LINE3,340,2026-04-08,Planned
MO00822,FG0100,LINE1,182,2025-02-25,Firm Planned
MO00823,FG0001,LINE2,131,2026-01-14,Planned
MO00824,FG0092,LINE2,61,2025-02-24,Planned
MO00825,FG0078,LINE1,20,2025-12-22,Planned
MO00826,FG0014,LINE2,258,2026-02-23,Released
MO00827,FG0054,LINE3,67,2026-04-24,Planned
MO00828,FG0037,LINE2,329,2025-04-01,Firm Planned
MO00829,FG0069,LINE2,24,2025-11-10,Firm Planned
MO00830,FG0097,LINE1,249,2026-06-12,Planned
MO00831,FG0072,LINE1,341,2026-06-03,Firm Planned
MO00832,FG0033,LINE2,353,2026-02-20,Planned
MO00833,FG0071,LINE1,134,2025-04-25,Planned
MO00834,FG0044,LINE3,84,2025-08-27,Planned
MO00835,FG0068,LINE1,128,2025-11-21,Firm Planned
MO00836,FG0077,LINE2,174,2025-09-13,Planned
MO00837,FG0021,LINE2,51,2025-03-14,Released
MO00838,FG0089,LINE2,22,2026-01-30,Planned
MO00839,FG0065,LINE2,241,2026-02-07,Planned
MO00840,FG0033,LINE1,192,2025-01-05,Firm Planned
MO00841,FG0022,LINE3,92,2025-05-17,Firm Planned
MO00842,FG0080,LINE2,323,2025-04-16,Planned
MO00843,FG0033,LINE2,278,2026-06-25,Firm Planned
MO00844,FG0092,LINE2,193,2025-11-17,Released
MO00845,FG0022,LINE2,188,2025-04-12,Firm Planned
MO00846,FG0014,LINE1,258,2025-04-17,Planned
MO00847,FG0064,LINE2,319,2025-06-02,Firm Planned
MO00848,FG0076,LINE1,133,2025-03-03,Planned
MO00849,FG0009,LINE3,103,2025-04-22,Released
MO00850,FG0091,LINE3,231,2026-04-07,Firm Planned
MO00851,FG0093,LINE2,221,2025-12-21,Released
MO00852,FG0095,LINE1,68,2025-04-28,Firm Planned
MO00853,FG0021,LINE1,196,2025-11-01,Firm Planned
MO00854,FG0062,LINE1,119,2025-03-13,Firm Planned
MO00855,FG0066,LINE3,146,2026-02-23,Firm Planned
MO00856,FG0018,LINE2,41,2025-05-04,Released
MO00857,FG0078,LINE2,69,2025-05-24,Firm Planned
MO00858,FG0087,LINE2,361,2025-06-02,Released
MO00859,FG0008,LINE3,378,2025-07-23,Released
MO00860,FG0090,LINE2,205,2026-04-30,Firm Planned
MO00861,FG0018,LINE3,362,2025-11-13,Firm Planned
MO00862,FG0032,LINE3,260,2026-06-13,Released
MO00863,FG0047,LINE3,249,2026-03-06,Released
MO00864,FG0096,LINE3,54,2025-07-20,Planned
MO00865,FG0028,LINE2,194,2025-12-28,Planned
MO00866,FG0014,LINE2,163,2026-04-19,Released
MO00867,FG0097,LINE2,314,2025-01-27,Firm Planned
MO00868,FG0064,LINE3,391,2025-12-15,Released
MO00869,FG0018,LINE3,182,2026-03-24,Planned
MO00870,FG0087,LINE2,292,2026-04-30,Planned
MO00871,FG0047,LINE3,77,2025-03-24,Firm Planned
MO00872,FG0001,LINE2,38,2025-04-30,Planned
MO00873,FG0077,LINE1,330,2025-12-24,Firm Planned
MO00874,FG0090,LINE2,239,2026-01-14,Firm Planned
MO00875,FG0002,LINE2,375,2025-03-22,Firm Planned
MO00876,FG0037,LINE1,237,2025-07-12,Planned
MO00877,FG0097,LINE3,142,2025-10-04,Released
MO00878,FG0092,LINE3,150,2025-07-14,Firm Planned
MO00879,FG0061,LINE1,37,2026-04-22,Firm Planned
MO00880,FG0097,LINE3,392,2026-05-04,Firm Planned
MO00881,FG0058,LINE3,37,2025-10-23,Firm Planned
MO00882,FG0005,LINE1,178,2025-01-07,Released
MO00883,FG0076,LINE3,197,2025-11-17,Planned
MO00884,FG0002,LINE1,269,2025-11-19,Planned
MO00885,FG0051,LINE1,111,2025-02-18,Released
MO00886,FG0079,LINE3,221,2025-08-16,Planned
MO00887,FG0068,LINE3,380,2025-12-06,Planned
MO00888,FG0056,LINE2,352,2025-05-10,Firm Planned
MO00889,FG0022,LINE2,391,2025-01-16,Firm Planned
MO00890,FG0040,LINE1,110,2025-11-28,Released
MO00891,FG0081,LINE3,313,2026-03-11,Released
MO00892,FG0100,LINE3,224,2026-01-09,Planned
MO00893,FG0001,LINE2,208,2026-06-15,Released
MO00894,FG0046,LINE2,392,2026-06-08,Planned
MO00895,FG0005,LINE3,314,2025-08-30,Planned
MO00896,FG0018,LINE3,108,2025-07-14,Firm Planned
MO00897,FG0011,LINE3,212,2026-02-24,Released
MO00898,FG0039,LINE3,88,2025-01-18,Planned
MO00899,FG0013,LINE2,383,2025-03-30,Planned
MO00900,FG0096,LINE2,79,2025-08-11,Planned
MO00901,FG0077,LINE2,291,2025-09-09,Released
MO00902,FG0052,LINE1,335,2025-05-31,Planned
MO00903,FG0006,LINE3,336,2025-10-28,Firm Planned
MO00904,FG0090,LINE2,69,2025-02-20,Firm Planned
MO00905,FG0062,LINE2,120,2025-10-21,Released
MO00906,FG0088,LINE2,210,2025-10-18,Firm Planned
MO00907,FG0020,LINE3,125,2026-03-31,Released
MO00908,FG0039,LINE3,386,2026-03-12,Planned
MO00909,FG0004,LINE2,376,2026-02-02,Planned
MO00910,FG0049,LINE2,299,2025-04-14,Firm Planned
MO00911,FG0055,LINE3,146,2025-01-20,Released
MO00912,FG0084,LINE2,27,2025-05-28,Planned
MO00913,FG0064,LINE1,37,2025-11-17,Planned
MO00914,FG0070,LINE1,225,2025-06-02,Planned
MO00915,FG0087,LINE1,348,2025-06-05,Firm Planned
MO00916,FG0078,LINE3,24,2026-02-12,Planned
MO00917,FG0091,LINE1,140,2025-10-09,Firm Planned
MO00918,FG0040,LINE1,383,2025-10-07,Released
MO00919,FG0064,LINE1,101,2026-03-31,Planned
MO00920,FG0045,LINE2,171,2026-05-28,Released
MO00921,FG0039,LINE2,123,2026-01-12,Released
MO00922,FG0067,LINE2,99,2026-04-07,Firm Planned
MO00923,FG0041,LINE1,45,2025-08-20,Released
MO00924,FG0091,LINE1,46,2025-01-02,Planned
MO00925,FG0098,LINE1,136,2026-04-16,Planned
MO00926,FG0050,LINE3,390,2025-09-30,Released
MO00927,FG0001,LINE2,63,2026-05-24,Firm Planned
MO00928,FG0019,LINE1,83,2025-08-16,Planned
MO00929,FG0094,LINE2,238,2026-01-10,Released
MO00930,FG0049,LINE1,131,2025-08-22,Planned
MO00931,FG0017,LINE1,177,2025-06-08,Released
MO00932,FG0019,LINE2,268,2025-08-03,Firm Planned
MO00933,FG0094,LINE1,135,2026-06-05,Planned
MO00934,FG0026,LINE2,43,2025-07-01,Firm Planned
MO00935,FG0055,LINE2,121,2025-06-21,Planned
MO00936,FG0071,LINE3,32,2025-11-01,Firm Planned
MO00937,FG0082,LINE2,230,2026-06-20,Released
MO00938,FG0041,LINE3,344,2026-05-21,Firm Planned
MO00939,FG0090,LINE1,387,2025-06-02,Released
MO00940,FG0027,LINE3,103,2026-01-20,Firm Planned
MO00941,FG0021,LINE2,316,2025-03-21,Firm Planned
MO00942,FG0031,LINE2,64,2026-02-16,Released
MO00943,FG0017,LINE1,102,2026-01-29,Released
MO00944,FG0017,LINE3,95,2026-03-04,Released
MO00945,FG0044,LINE1,373,2025-10-29,Planned
MO00946,FG0082,LINE1,60,2026-05-30,Planned
MO00947,FG0029,LINE2,282,2025-11-16,Firm Planned
MO00948,FG0009,LINE3,257,2025-06-23,Planned
MO00949,FG0089,LINE2,278,2025-12-06,Firm Planned
MO00950,FG0098,LINE1,105,2025-09-15,Firm Planned
MO00951,FG0090,LINE1,26,2025-08-02,Released
MO00952,FG0085,LINE2,282,2025-06-03,Released
MO00953,FG0014,LINE1,349,2025-10-06,Released
MO00954,FG0100,LINE1,112,2025-02-16,Planned
MO00955,FG0049,LINE1,114,2026-02-28,Firm Planned
MO00956,FG0060,LINE2,307,2025-05-07,Released
MO00957,FG0020,LINE2,334,2025-01-02,Planned
MO00958,FG0081,LINE3,240,2026-05-07,Released
MO00959,FG0016,LINE3,120,2026-03-28,Released
MO00960,FG0023,LINE3,20,2025-09-08,Firm Planned
MO00961,FG0054,LINE2,233,2025-04-06,Planned
MO00962,FG0082,LINE1,268,2025-11-21,Firm Planned
MO00963,FG0042,LINE1,188,2025-01-26,Released
MO00964,FG0098,LINE3,76,2025-12-05,Released
MO00965,FG0082,LINE2,98,2025-08-09,Planned
MO00966,FG0080,LINE2,150,2025-12-20,Firm Planned
MO00967,FG0042,LINE2,39,2025-08-28,Released
MO00968,FG0095,LINE1,95,2025-02-04,Planned
MO00969,FG0067,LINE1,33,2026-01-05,Firm Planned
MO00970,FG0014,LINE2,335,2025-06-29,Released
MO00971,FG0017,LINE3,215,2025-03-02,Firm Planned
MO00972,FG0052,LINE1,357,2025-01-20,Planned
MO00973,FG0065,LINE2,149,2025-06-21,Planned
MO00974,FG0066,LINE3,322,2025-09-29,Planned
MO00975,FG0026,LINE2,91,2025-05-11,Released
MO00976,FG0047,LINE3,369,2026-03-09,Firm Planned
MO00977,FG0092,LINE3,288,2026-01-16,Firm Planned
MO00978,FG0032,LINE2,124,2025-05-07,Firm Planned
MO00979,FG0033,LINE2,353,2025-01-12,Firm Planned
MO00980,FG0035,LINE2,332,2025-08-01,Released
MO00981,FG0058,LINE3,218,2025-11-15,Released
MO00982,FG0100,LINE2,210,2025-11-26,Planned
MO00983,FG0077,LINE1,79,2025-01-29,Released
MO00984,FG0025,LINE3,148,2025-05-29,Released
MO00985,FG0089,LINE2,250,2026-03-08,Released
MO00986,FG0052,LINE3,361,2025-04-21,Released
MO00987,FG0050,LINE3,140,2025-08-06,Released
MO00988,FG0002,LINE1,239,2025-02-18,Planned
MO00989,FG0062,LINE3,254,2026-05-29,Firm Planned
MO00990,FG0008,LINE2,233,2025-01-21,Planned
MO00991,FG0084,LINE2,182,2025-05-29,Firm Planned
MO00992,FG0015,LINE3,309,2025-06-09,Planned
MO00993,FG0098,LINE2,45,2025-03-08,Firm Planned
MO00994,FG0011,LINE3,160,2025-08-14,Planned
MO00995,FG0009,LINE2,151,2026-06-04,Released
MO00996,FG0074,LINE2,191,2026-05-18,Planned
MO00997,FG0030,LINE1,362,2026-01-18,Planned
MO00998,FG0094,LINE1,217,2026-03-23,Released
MO00999,FG0046,LINE1,168,2026-02-11,Firm Planned
MO01000,FG0077,LINE2,141,2025-10-15,Planned
MO01001,FG0002,LINE2,400,2025-03-13,Released
MO01002,FG0022,LINE2,128,2025-01-03,Released
MO01003,FG0099,LINE3,52,2025-12-04,Released
MO01004,FG0045,LINE1,298,2025-05-06,Firm Planned
MO01005,FG0071,LINE2,364,2025-10-28,Planned
MO01006,FG0085,LINE3,259,2026-01-11,Released
MO01007,FG0075,LINE1,296,2025-06-10,Planned
MO01008,FG0026,LINE1,155,2025-12-13,Planned
MO01009,FG0043,LINE1,142,2026-04-18,Firm Planned
MO01010,FG0033,LINE3,292,2025-12-06,Firm Planned
MO01011,FG0074,LINE1,132,2025-07-18,Released
MO01012,FG0050,LINE1,210,2026-05-25,Planned
MO01013,FG0019,LINE3,256,2025-11-24,Planned
MO01014,FG0078,LINE3,312,2026-01-01,Planned
MO01015,FG0064,LINE2,88,2026-05-06,Planned
MO01016,FG0001,LINE3,136,2025-02-03,Released
MO01017,FG0074,LINE2,287,2026-01-15,Planned
MO01018,FG0075,LINE1,279,2026-02-17,Firm Planned
MO01019,FG0002,LINE2,244,2025-10-10,Firm Planned
MO01020,FG0057,LINE2,132,2025-01-05,Planned
MO01021,FG0075,LINE1,394,2025-11-11,Released
MO01022,FG0062,LINE1,28,2025-07-09,Firm Planned
MO01023,FG0082,LINE3,57,2025-01-03,Planned
MO01024,FG0011,LINE3,41,2025-01-30,Firm Planned
MO01025,FG0051,LINE2,83,2025-10-28,Planned
MO01026,FG0054,LINE2,325,2026-05-28,Planned
MO01027,FG0029,LINE1,398,2026-01-09,Firm Planned
MO01028,FG0006,LINE1,282,2026-03-25,Released
MO01029,FG0085,LINE1,44,2025-06-24,Firm Planned
MO01030,FG0005,LINE1,220,2026-03-20,Firm Planned
MO01031,FG0095,LINE3,226,2026-04-23,Planned
MO01032,FG0053,LINE1,38,2025-09-27,Planned
MO01033,FG0057,LINE2,207,2025-06-22,Planned
MO01034,FG0003,LINE2,54,2026-05-25,Firm Planned
MO01035,FG0034,LINE2,268,2025-08-02,Firm Planned
MO01036,FG0060,LINE2,156,2025-07-12,Firm Planned
MO01037,FG0034,LINE2,346,2025-12-18,Planned
MO01038,FG0058,LINE2,257,2025-06-22,Firm Planned
MO01039,FG0100,LINE2,116,2025-05-14,Planned
MO01040,FG0048,LINE1,46,2025-03-28,Released
MO01041,FG0090,LINE1,307,2026-04-30,Released
MO01042,FG0044,LINE2,323,2025-07-14,Firm Planned
MO01043,FG0020,LINE1,376,2025-10-08,Firm Planned
MO01044,FG0069,LINE3,104,2025-11-09,Released
MO01045,FG0013,LINE2,226,2025-09-16,Planned
MO01046,FG0001,LINE1,68,2025-03-11,Released
MO01047,FG0089,LINE3,297,2025-09-17,Planned
MO01048,FG0025,LINE3,311,2025-06-27,Firm Planned
MO01049,FG0069,LINE2,399,2025-05-13,Released
MO01050,FG0060,LINE2,335,2025-02-21,Firm Planned
MO01051,FG0009,LINE3,334,2025-07-26,Released
MO01052,FG0054,LINE2,319,2025-08-08,Firm Planned
MO01053,FG0018,LINE2,338,2025-12-28,Firm Planned
MO01054,FG0092,LINE3,214,2025-12-21,Firm Planned
MO01055,FG0090,LINE3,64,2025-04-09,Firm Planned
MO01056,FG0090,LINE2,340,2026-04-26,Firm Planned
MO01057,FG0017,LINE2,190,2025-04-15,Released
MO01058,FG0005,LINE3,271,2026-04-14,Released
MO01059,FG0011,LINE3,256,2025-03-11,Firm Planned
MO01060,FG0010,LINE3,269,2026-04-23,Released
MO01061,FG0021,LINE1,265,2026-02-15,Planned
MO01062,FG0076,LINE2,132,2025-01-21,Planned
MO01063,FG0058,LINE3,42,2026-05-27,Released
MO01064,FG0011,LINE1,253,2025-01-27,Planned
MO01065,FG0093,LINE3,266,2025-06-12,Planned
MO01066,FG0094,LINE2,198,2025-07-17,Planned
MO01067,FG0071,LINE3,179,2026-04-24,Planned
MO01068,FG0078,LINE1,157,2025-08-03,Planned
MO01069,FG0071,LINE2,82,2026-03-13,Firm Planned
MO01070,FG0061,LINE1,314,2025-11-13,Firm Planned
MO01071,FG0096,LINE3,344,2026-04-25,Released
MO01072,FG0060,LINE2,90,2025-11-03,Released
MO01073,FG0088,LINE3,27,2025-05-13,Planned
MO01074,FG0074,LINE2,209,2025-09-26,Released
MO01075,FG0085,LINE1,278,2026-06-07,Released
MO01076,FG0016,LINE3,175,2026-02-11,Firm Planned
MO01077,FG0013,LINE2,70,2025-11-05,Firm Planned
MO01078,FG0096,LINE1,76,2026-03-14,Planned
MO01079,FG0073,LINE2,255,2025-04-27,Released
MO01080,FG0067,LINE1,76,2025-01-28,Firm Planned
MO01081,FG0035,LINE1,368,2025-07-28,Firm Planned
MO01082,FG0060,LINE2,342,2026-02-23,Released
MO01083,FG0090,LINE3,129,2026-04-15,Released
MO01084,FG0009,LINE2,346,2025-10-28,Firm Planned
MO01085,FG0081,LINE1,224,2025-01-21,Firm Planned
MO01086,FG0031,LINE3,209,2025-08-16,Firm Planned
MO01087,FG0009,LINE1,380,2026-06-08,Planned
MO01088,FG0055,LINE2,32,2025-03-10,Planned
MO01089,FG0083,LINE3,254,2025-07-09,Planned
MO01090,FG0001,LINE3,200,2026-03-12,Released
MO01091,FG0053,LINE1,176,2026-03-23,Released
MO01092,FG0094,LINE2,353,2026-02-22,Planned
MO01093,FG0084,LINE1,188,2025-02-21,Planned
MO01094,FG0092,LINE1,130,2026-04-04,Planned
MO01095,FG0039,LINE1,26,2025-06-15,Planned
MO01096,FG0047,LINE3,392,2026-02-06,Firm Planned
MO01097,FG0079,LINE1,246,2025-03-01,Planned
MO01098,FG0040,LINE2,269,2026-02-08,Planned
MO01099,FG0047,LINE1,305,2025-01-22,Firm Planned
MO01100,FG0090,LINE3,102,2026-01-31,Released
MO01101,FG0016,LINE1,32,2025-12-29,Released
MO01102,FG0038,LINE2,137,2025-11-15,Released
MO01103,FG0034,LINE1,57,2025-01-29,Planned
MO01104,FG0011,LINE1,30,2025-12-04,Released
MO01105,FG0002,LINE1,372,2025-10-23,Firm Planned
MO01106,FG0008,LINE3,373,2026-04-16,Firm Planned
MO01107,FG0033,LINE3,99,2025-12-11,Firm Planned
MO01108,FG0014,LINE1,68,2026-04-27,Planned
MO01109,FG0005,LINE2,22,2025-04-02,Firm Planned
MO01110,FG0088,LINE3,194,2025-01-19,Planned
MO01111,FG0095,LINE1,270,2025-09-25,Released
MO01112,FG0024,LINE3,307,2025-08-02,Planned
MO01113,FG0029,LINE3,110,2026-03-27,Planned
MO01114,FG0098,LINE2,247,2025-08-18,Firm Planned
MO01115,FG0040,LINE3,294,2025-06-17,Released
MO01116,FG0078,LINE3,232,2026-03-19,Firm Planned
MO01117,FG0055,LINE3,133,2025-07-01,Firm Planned
MO01118,FG0047,LINE3,39,2026-05-06,Planned
MO01119,FG0031,LINE1,173,2025-08-30,Released
MO01120,FG0024,LINE1,71,2025-12-27,Firm Planned
MO01121,FG0016,LINE1,35,2025-05-26,Planned
MO01122,FG0039,LINE2,56,2025-08-16,Firm Planned
MO01123,FG0048,LINE2,346,2026-03-14,Firm Planned
MO01124,FG0089,LINE1,59,2025-07-18,Planned
MO01125,FG0096,LINE2,188,2026-05-23,Firm Planned
MO01126,FG0041,LINE3,256,2025-04-09,Released
MO01127,FG0076,LINE2,343,2025-05-22,Firm Planned
MO01128,FG0004,LINE1,249,2025-01-28,Firm Planned
MO01129,FG0063,LINE3,208,2025-09-02,Planned
MO01130,FG0036,LINE2,333,2025-10-23,Firm Planned
MO01131,FG0037,LINE2,310,2025-01-06,Released
MO01132,FG0076,LINE1,92,2026-05-15,Planned
MO01133,FG0100,LINE1,185,2025-01-27,Released
MO01134,FG0022,LINE1,303,2026-04-26,Firm Planned
MO01135,FG0024,LINE3,384,2025-05-20,Planned
MO01136,FG0032,LINE3,393,2026-02-19,Released
MO01137,FG0067,LINE1,201,2025-06-17,Released
MO01138,FG0056,LINE3,146,2025-03-23,Planned
MO01139,FG0048,LINE3,290,2025-02-18,Firm Planned
MO01140,FG0073,LINE1,41,2025-01-28,Planned
MO01141,FG0087,LINE3,337,2025-10-26,Planned
MO01142,FG0047,LINE3,111,2026-01-26,Planned
MO01143,FG0064,LINE1,30,2026-01-12,Released
MO01144,FG0041,LINE1,93,2026-01-30,Firm Planned
MO01145,FG0001,LINE3,342,2025-10-31,Firm Planned
MO01146,FG0084,LINE2,80,2025-07-09,Released
MO01147,FG0078,LINE2,343,2026-01-26,Planned
MO01148,FG0030,LINE2,368,2025-12-13,Planned
MO01149,FG0011,LINE1,372,2026-03-23,Planned
MO01150,FG0098,LINE2,154,2025-07-26,Released
MO01151,FG0049,LINE2,304,2025-11-10,Firm Planned
MO01152,FG0012,LINE3,94,2025-01-05,Planned
MO01153,FG0095,LINE2,197,2025-03-03,Planned
MO01154,FG0003,LINE3,96,2025-08-24,Released
MO01155,FG0077,LINE1,143,2025-09-30,Planned
MO01156,FG0002,LINE2,205,2025-01-03,Released
MO01157,FG0046,LINE1,331,2026-02-25,Released
MO01158,FG0025,LINE3,149,2025-06-23,Planned
MO01159,FG0001,LINE1,348,2025-08-22,Firm Planned
MO01160,FG0065,LINE1,229,2025-02-24,Planned
MO01161,FG0010,LINE3,249,2025-06-22,Firm Planned
MO01162,FG0041,LINE3,230,2025-06-05,Planned
MO01163,FG0068,LINE3,43,2026-06-17,Firm Planned
MO01164,FG0025,LINE2,219,2025-09-14,Released
MO01165,FG0019,LINE2,312,2025-05-20,Firm Planned
MO01166,FG0054,LINE2,277,2025-06-21,Planned
MO01167,FG0056,LINE3,20,2025-09-13,Released
MO01168,FG0089,LINE1,227,2026-06-06,Planned
MO01169,FG0079,LINE2,129,2026-04-04,Planned
MO01170,FG0026,LINE1,71,2025-06-20,Planned
MO01171,FG0087,LINE2,277,2026-05-01,Planned
MO01172,FG0029,LINE2,116,2025-01-16,Released
MO01173,FG0066,LINE2,23,2025-02-15,Planned
MO01174,FG0005,LINE3,240,2025-04-29,Released
MO01175,FG0045,LINE1,177,2026-05-29,Released
MO01176,FG0083,LINE3,103,2025-02-13,Released
MO01177,FG0036,LINE3,158,2025-02-03,Released
MO01178,FG0068,LINE2,189,2026-01-05,Released
MO01179,FG0006,LINE2,344,2026-01-17,Released
MO01180,FG0057,LINE1,90,2025-10-25,Firm Planned
MO01181,FG0036,LINE2,87,2026-04-08,Firm Planned
MO01182,FG0014,LINE1,59,2026-04-18,Firm Planned
MO01183,FG0090,LINE1,231,2025-10-07,Firm Planned
MO01184,FG0062,LINE1,312,2025-09-12,Released
MO01185,FG0052,LINE1,233,2025-08-18,Released
MO01186,FG0096,LINE1,43,2026-05-16,Released
MO01187,FG0073,LINE1,230,2025-06-07,Planned
MO01188,FG0006,LINE2,121,2026-04-21,Released
MO01189,FG0036,LINE2,356,2026-03-08,Released
MO01190,FG0049,LINE3,214,2025-11-12,Firm Planned
MO01191,FG0027,LINE3,21,2025-05-16,Released
MO01192,FG0067,LINE2,31,2025-03-02,Planned
MO01193,FG0080,LINE1,200,2025-08-12,Firm Planned
MO01194,FG0064,LINE2,22,2025-05-15,Firm Planned
MO01195,FG0057,LINE1,381,2025-04-10,Firm Planned
MO01196,FG0031,LINE3,335,2025-08-19,Released
MO01197,FG0019,LINE3,49,2025-01-25,Firm Planned
MO01198,FG0011,LINE2,302,2026-04-24,Planned
MO01199,FG0069,LINE3,232,2025-11-03,Released
MO01200,FG0005,LINE3,135,2025-04-14,Released
MO01201,FG0039,LINE2,142,2025-02-20,Planned
MO01202,FG0052,LINE1,77,2025-10-10,Firm Planned
MO01203,FG0020,LINE3,273,2025-10-29,Released
MO01204,FG0066,LINE1,54,2026-03-25,Planned
MO01205,FG0058,LINE3,163,2025-12-19,Released
MO01206,FG0024,LINE1,274,2026-02-05,Released
MO01207,FG0097,LINE2,346,2025-01-05,Released
MO01208,FG0008,LINE1,312,2025-09-03,Released
MO01209,FG0037,LINE2,76,2025-08-07,Firm Planned
MO01210,FG0045,LINE3,178,2025-11-07,Planned
MO01211,FG0011,LINE2,379,2025-10-31,Released
MO01212,FG0063,LINE2,117,2026-03-11,Firm Planned
MO01213,FG0068,LINE2,169,2025-12-19,Firm Planned
MO01214,FG0065,LINE2,290,2025-04-07,Released
MO01215,FG0084,LINE3,121,2026-03-04,Firm Planned
MO01216,FG0035,LINE2,175,2026-02-01,Planned
MO01217,FG0038,LINE2,328,2026-05-19,Released
MO01218,FG0064,LINE3,245,2025-10-05,Released
MO01219,FG0089,LINE2,361,2025-01-17,Released
MO01220,FG0018,LINE1,74,2025-04-18,Planned
MO01221,FG0064,LINE2,156,2025-04-02,Released
MO01222,FG0023,LINE1,137,2025-07-25,Released
MO01223,FG0090,LINE1,287,2026-05-26,Released
MO01224,FG0008,LINE3,345,2025-08-09,Planned
MO01225,FG0078,LINE3,375,2025-05-07,Planned
MO01226,FG0004,LINE2,54,2025-01-31,Planned
MO01227,FG0025,LINE2,273,2026-01-18,Released
MO01228,FG0082,LINE1,153,2026-04-16,Released
MO01229,FG0001,LINE2,323,2026-02-14,Planned
MO01230,FG0089,LINE1,81,2026-05-04,Firm Planned
MO01231,FG0001,LINE1,159,2026-06-05,Released
MO01232,FG0008,LINE2,80,2025-07-02,Firm Planned
MO01233,FG0089,LINE3,300,2026-06-10,Firm Planned
MO01234,FG0082,LINE2,300,2026-03-19,Planned
MO01235,FG0072,LINE1,95,2026-02-09,Planned
MO01236,FG0050,LINE3,206,2026-03-04,Firm Planned
MO01237,FG0042,LINE2,357,2025-12-08,Planned
MO01238,FG0027,LINE2,391,2026-03-07,Released
MO01239,FG0092,LINE1,333,2025-12-24,Firm Planned
MO01240,FG0053,LINE3,187,2025-08-12,Firm Planned
MO01241,FG0087,LINE2,146,2025-02-19,Planned
MO01242,FG0096,LINE1,340,2025-02-06,Released
MO01243,FG0063,LINE1,311,2026-03-09,Planned
MO01244,FG0046,LINE2,326,2025-06-07,Firm Planned
MO01245,FG0054,LINE1,283,2025-06-25,Firm Planned
MO01246,FG0083,LINE2,242,2025-06-07,Released
MO01247,FG0020,LINE1,26,2026-05-30,Planned
MO01248,FG0004,LINE1,144,2026-05-10,Firm Planned
MO01249,FG0085,LINE3,215,2025-04-03,Released
MO01250,FG0047,LINE1,139,2025-07-22,Released
MO01251,FG0029,LINE3,240,2025-09-18,Released
MO01252,FG0081,LINE2,141,2026-01-01,Planned
MO01253,FG0034,LINE3,31,2025-04-20,Released
MO01254,FG0006,LINE2,192,2025-01-21,Firm Planned
MO01255,FG0053,LINE1,200,2025-08-03,Firm Planned
MO01256,FG0056,LINE2,120,2026-06-11,Released
MO01257,FG0029,LINE1,338,2026-04-05,Planned
MO01258,FG0064,LINE3,65,2025-02-27,Planned
MO01259,FG0068,LINE2,206,2025-11-02,Firm Planned
MO01260,FG0092,LINE3,80,2025-03-01,Firm Planned
MO01261,FG0072,LINE3,84,2025-11-29,Planned
MO01262,FG0010,LINE3,307,2026-03-02,Planned
MO01263,FG0047,LINE2,314,2025-06-29,Released
MO01264,FG0062,LINE1,243,2026-03-15,Planned
MO01265,FG0065,LINE2,104,2025-06-13,Firm Planned
MO01266,FG0065,LINE2,66,2026-01-02,Planned
MO01267,FG0005,LINE3,272,2026-05-05,Planned
MO01268,FG0087,LINE3,246,2025-06-12,Released
MO01269,FG0062,LINE1,113,2025-11-15,Firm Planned
MO01270,FG0068,LINE2,332,2025-06-01,Firm Planned
MO01271,FG0091,LINE2,98,2025-04-28,Planned
MO01272,FG0056,LINE1,150,2025-05-18,Released
MO01273,FG0024,LINE1,92,2025-02-03,Released
MO01274,FG0035,LINE1,29,2026-05-29,Released
MO01275,FG0054,LINE1,120,2026-04-05,Planned
MO01276,FG0097,LINE3,125,2025-07-25,Released
MO01277,FG0100,LINE2,79,2025-04-06,Released
MO01278,FG0083,LINE2,96,2025-10-21,Firm Planned
MO01279,FG0028,LINE3,182,2025-10-26,Planned
MO01280,FG0074,LINE2,82,2025-12-08,Firm Planned
MO01281,FG0006,LINE3,357,2026-04-01,Planned
MO01282,FG0010,LINE3,288,2025-03-01,Released
MO01283,FG0048,LINE3,345,2026-04-03,Planned
MO01284,FG0067,LINE3,216,2025-10-08,Firm Planned
MO01285,FG0037,LINE1,202,2025-06-25,Firm Planned
MO01286,FG0069,LINE2,253,2025-07-16,Released
MO01287,FG0081,LINE3,58,2025-08-28,Firm Planned
MO01288,FG0013,LINE1,102,2025-11-24,Released
MO01289,FG0066,LINE1,126,2025-01-13,Firm Planned
MO01290,FG0067,LINE1,65,2025-06-02,Released
MO01291,FG0033,LINE3,365,2025-07-07,Released
MO01292,FG0033,LINE3,321,2026-03-07,Released
MO01293,FG0038,LINE3,156,2026-02-02,Firm Planned
MO01294,FG0003,LINE2,352,2025-03-03,Planned
MO01295,FG0039,LINE2,113,2026-01-02,Firm Planned
MO01296,FG0087,LINE3,62,2025-02-16,Planned
MO01297,FG0078,LINE1,187,2025-01-29,Released
MO01298,FG0072,LINE3,42,2025-06-19,Firm Planned
MO01299,FG0048,LINE1,82,2026-05-08,Firm Planned
MO01300,FG0034,LINE3,67,2025-04-17,Released
MO01301,FG0089,LINE2,159,2025-05-27,Firm Planned
MO01302,FG0056,LINE2,167,2025-01-09,Released
MO01303,FG0085,LINE1,237,2025-03-26,Firm Planned
MO01304,FG0048,LINE2,281,2025-07-07,Planned
MO01305,FG0073,LINE3,315,2025-04-07,Planned
MO01306,FG0072,LINE3,398,2025-06-28,Planned
MO01307,FG0088,LINE1,242,2025-10-24,Firm Planned
MO01308,FG0022,LINE3,192,2026-01-26,Planned
MO01309,FG0036,LINE2,270,2025-06-12,Firm Planned
MO01310,FG0057,LINE2,194,2026-04-26,Firm Planned
MO01311,FG0096,LINE3,317,2025-10-03,Planned
MO01312,FG0068,LINE2,193,2025-01-23,Released
MO01313,FG0094,LINE2,113,2025-10-05,Planned
MO01314,FG0055,LINE3,254,2025-08-13,Firm Planned
MO01315,FG0072,LINE1,362,2026-06-08,Planned
MO01316,FG0056,LINE2,215,2025-07-08,Released
MO01317,FG0049,LINE2,29,2025-04-08,Planned
MO01318,FG0097,LINE3,48,2025-04-26,Released
MO01319,FG0080,LINE3,86,2026-04-27,Released
MO01320,FG0061,LINE3,39,2026-02-25,Planned
MO01321,FG0057,LINE1,321,2026-06-09,Planned
MO01322,FG0072,LINE1,271,2026-02-10,Firm Planned
MO01323,FG0088,LINE2,58,2025-09-07,Planned
MO01324,FG0018,LINE3,123,2025-05-19,Planned
MO01325,FG0064,LINE3,222,2025-06-16,Released
MO01326,FG0044,LINE2,158,2026-01-17,Firm Planned
MO01327,FG0073,LINE3,172,2025-04-05,Firm Planned
MO01328,FG0035,LINE3,139,2026-02-04,Released
MO01329,FG0022,LINE2,368,2026-01-08,Planned
MO01330,FG0068,LINE2,191,2025-08-02,Firm Planned
MO01331,FG0064,LINE3,175,2025-03-24,Planned
MO01332,FG0064,LINE2,110,2026-04-07,Firm Planned
MO01333,FG0084,LINE1,92,2025-07-28,Released
MO01334,FG0029,LINE2,375,2025-11-28,Planned
MO01335,FG0050,LINE2,98,2025-07-01,Planned
MO01336,FG0077,LINE2,233,2026-02-27,Released
MO01337,FG0028,LINE1,101,2025-12-24,Released
MO01338,FG0095,LINE2,318,2025-06-27,Released
MO01339,FG0049,LINE1,40,2025-09-26,Planned
MO01340,FG0033,LINE3,267,2026-02-03,Released
MO01341,FG0022,LINE1,188,2026-03-12,Released
MO01342,FG0099,LINE1,245,2025-11-29,Planned
MO01343,FG0080,LINE3,73,2026-04-26,Planned
MO01344,FG0004,LINE2,66,2026-04-30,Firm Planned
MO01345,FG0014,LINE1,109,2025-10-06,Planned
MO01346,FG0061,LINE1,184,2025-08-16,Released
MO01347,FG0051,LINE3,255,2025-09-16,Planned
MO01348,FG0055,LINE1,81,2025-01-04,Planned
MO01349,FG0021,LINE3,366,2026-05-09,Released
MO01350,FG0054,LINE2,113,2025-02-05,Released
MO01351,FG0037,LINE3,293,2026-03-01,Planned
MO01352,FG0002,LINE1,64,2025-12-11,Planned
MO01353,FG0070,LINE2,325,2025-12-12,Planned
MO01354,FG0059,LINE2,44,2025-07-30,Planned
MO01355,FG0099,LINE2,174,2025-08-25,Released
MO01356,FG0096,LINE2,304,2025-10-27,Firm Planned
MO01357,FG0086,LINE2,177,2025-12-09,Firm Planned
MO01358,FG0097,LINE3,270,2025-01-15,Planned
MO01359,FG0046,LINE2,291,2025-01-18,Planned
MO01360,FG0047,LINE3,162,2025-11-12,Planned
MO01361,FG0022,LINE2,60,2025-12-24,Planned
MO01362,FG0058,LINE2,261,2026-03-05,Released
MO01363,FG0075,LINE1,94,2026-05-16,Planned
MO01364,FG0057,LINE1,384,2025-12-01,Released
MO01365,FG0098,LINE2,270,2025-07-23,Firm Planned
MO01366,FG0039,LINE2,27,2026-01-06,Firm Planned
MO01367,FG0085,LINE1,362,2026-05-17,Released
MO01368,FG0042,LINE3,82,2025-11-29,Released
MO01369,FG0036,LINE2,144,2025-11-01,Planned
MO01370,FG0031,LINE1,216,2025-08-21,Planned
MO01371,FG0074,LINE3,252,2026-03-25,Released
MO01372,FG0099,LINE1,120,2026-02-18,Planned
MO01373,FG0025,LINE1,363,2026-03-10,Released
MO01374,FG0070,LINE3,95,2026-06-14,Planned
MO01375,FG0001,LINE3,81,2025-11-20,Planned
MO01376,FG0076,LINE1,83,2025-03-14,Planned
MO01377,FG0043,LINE2,242,2025-03-08,Released
MO01378,FG0058,LINE3,21,2026-02-11,Planned
MO01379,FG0030,LINE3,105,2025-11-20,Released
MO01380,FG0057,LINE1,382,2026-04-09,Released
MO01381,FG0023,LINE2,68,2026-05-26,Planned
MO01382,FG0058,LINE3,364,2025-02-17,Planned
MO01383,FG0007,LINE1,98,2026-02-24,Planned
MO01384,FG0027,LINE2,56,2025-12-18,Firm Planned
MO01385,FG0021,LINE1,336,2025-08-24,Planned
MO01386,FG0094,LINE2,202,2026-06-24,Firm Planned
MO01387,FG0077,LINE3,190,2026-01-03,Released
MO01388,FG0057,LINE1,58,2026-03-04,Firm Planned
MO01389,FG0014,LINE2,354,2025-01-25,Released
MO01390,FG0004,LINE2,379,2026-05-12,Firm Planned
MO01391,FG0093,LINE2,180,2025-10-31,Planned
MO01392,FG0084,LINE3,313,2026-06-20,Released
MO01393,FG0085,LINE1,333,2026-06-03,Released
MO01394,FG0013,LINE2,59,2025-11-21,Released
MO01395,FG0095,LINE1,249,2025-02-11,Released
MO01396,FG0002,LINE1,297,2026-02-26,Firm Planned
MO01397,FG0098,LINE3,359,2025-06-11,Planned
MO01398,FG0046,LINE1,107,2025-03-28,Firm Planned
MO01399,FG0063,LINE2,235,2026-05-25,Firm Planned
MO01400,FG0024,LINE1,75,2025-04-01,Planned
MO01401,FG0009,LINE1,284,2025-11-21,Firm Planned
MO01402,FG0023,LINE3,254,2025-11-19,Firm Planned
MO01403,FG0083,LINE1,360,2025-07-21,Planned
MO01404,FG0082,LINE1,348,2025-11-23,Released
MO01405,FG0063,LINE1,68,2025-02-23,Released
MO01406,FG0004,LINE3,119,2025-10-31,Planned
MO01407,FG0039,LINE3,334,2025-06-26,Planned
MO01408,FG0036,LINE1,157,2025-05-25,Planned
MO01409,FG0067,LINE3,51,2026-04-27,Released
MO01410,FG0005,LINE2,171,2025-02-22,Released
MO01411,FG0036,LINE2,43,2026-02-21,Firm Planned
MO01412,FG0024,LINE1,128,2025-08-15,Released
MO01413,FG0023,LINE3,157,2025-09-30,Released
MO01414,FG0030,LINE3,251,2026-01-12,Firm Planned
MO01415,FG0080,LINE3,94,2026-05-01,Planned
MO01416,FG0079,LINE2,392,2025-05-30,Firm Planned
MO01417,FG0051,LINE1,383,2026-06-23,Firm Planned
MO01418,FG0024,LINE3,269,2025-09-19,Firm Planned
MO01419,FG0098,LINE1,283,2025-08-06,Firm Planned
MO01420,FG0029,LINE2,273,2026-06-08,Firm Planned
MO01421,FG0084,LINE2,382,2026-05-08,Released
MO01422,FG0081,LINE2,363,2026-05-10,Firm Planned
MO01423,FG0090,LINE2,208,2025-02-02,Firm Planned
MO01424,FG0072,LINE2,285,2025-07-25,Planned
MO01425,FG0069,LINE1,350,2026-02-09,Released
MO01426,FG0091,LINE2,245,2026-02-09,Firm Planned
MO01427,FG0026,LINE1,45,2026-03-05,Released
MO01428,FG0015,LINE2,354,2025-11-15,Firm Planned
MO01429,FG0049,LINE1,284,2025-07-16,Released
MO01430,FG0021,LINE3,393,2025-08-06,Planned
MO01431,FG0083,LINE3,26,2025-01-27,Firm Planned
MO01432,FG0081,LINE1,314,2025-09-07,Released
MO01433,FG0080,LINE3,74,2025-04-05,Released
MO01434,FG0040,LINE1,284,2025-01-06,Firm Planned
MO01435,FG0063,LINE1,100,2025-02-21,Released
MO01436,FG0077,LINE3,254,2025-12-18,Released
MO01437,FG0064,LINE3,243,2026-01-21,Released
MO01438,FG0016,LINE2,380,2025-12-12,Firm Planned
MO01439,FG0095,LINE1,172,2026-06-24,Planned
MO01440,FG0096,LINE1,197,2025-01-14,Released
MO01441,FG0021,LINE2,234,2025-01-03,Released
MO01442,FG0065,LINE3,42,2026-05-26,Released
MO01443,FG0058,LINE1,331,2025-07-19,Released
MO01444,FG0022,LINE2,390,2025-09-08,Planned
MO01445,FG0038,LINE3,96,2025-10-15,Planned
MO01446,FG0056,LINE2,248,2025-06-13,Released
MO01447,FG0019,LINE1,70,2026-01-21,Planned
MO01448,FG0006,LINE3,223,2025-04-13,Planned
MO01449,FG0035,LINE1,40,2025-08-08,Released
MO01450,FG0011,LINE2,392,2026-04-07,Firm Planned
MO01451,FG0041,LINE3,241,2025-09-24,Firm Planned
MO01452,FG0023,LINE1,358,2025-10-15,Planned
MO01453,FG0027,LINE1,197,2026-05-02,Planned
MO01454,FG0079,LINE2,29,2025-08-03,Planned
MO01455,FG0084,LINE2,360,2025-09-24,Planned
MO01456,FG0039,LINE2,363,2025-06-09,Released
MO01457,FG0080,LINE2,35,2025-10-01,Released
MO01458,FG0044,LINE3,212,2026-04-22,Planned
MO01459,FG0050,LINE3,340,2026-01-30,Released
MO01460,FG0048,LINE3,228,2025-06-16,Released
MO01461,FG0070,LINE3,52,2025-03-09,Planned
MO01462,FG0053,LINE1,35,2026-04-14,Released
MO01463,FG0016,LINE2,245,2025-05-08,Released
MO01464,FG0098,LINE2,60,2025-08-13,Planned
MO01465,FG0072,LINE1,112,2025-01-10,Released
MO01466,FG0054,LINE3,43,2025-12-08,Planned
MO01467,FG0038,LINE1,44,2025-06-10,Released
MO01468,FG0016,LINE2,313,2025-12-07,Planned
MO01469,FG0053,LINE1,34,2025-01-11,Released
MO01470,FG0055,LINE3,241,2025-03-22,Firm Planned
MO01471,FG0022,LINE2,78,2025-02-08,Released
MO01472,FG0054,LINE1,62,2025-12-01,Planned
MO01473,FG0044,LINE1,391,2025-04-01,Firm Planned
MO01474,FG0091,LINE2,247,2025-09-16,Firm Planned
MO01475,FG0100,LINE1,319,2026-03-24,Released
MO01476,FG0078,LINE3,314,2026-01-11,Planned
MO01477,FG0071,LINE3,379,2025-09-02,Planned
MO01478,FG0071,LINE1,198,2025-06-02,Planned
MO01479,FG0011,LINE2,309,2025-02-02,Firm Planned
MO01480,FG0042,LINE2,32,2025-08-01,Planned
MO01481,FG0066,LINE3,361,2026-02-25,Planned
MO01482,FG0012,LINE1,56,2025-10-11,Released
MO01483,FG0063,LINE3,114,2025-02-04,Released
MO01484,FG0072,LINE2,342,2025-03-25,Released
MO01485,FG0029,LINE3,66,2026-04-16,Planned
MO01486,FG0016,LINE2,208,2025-11-07,Released
MO01487,FG0051,LINE2,103,2025-09-05,Planned
MO01488,FG0078,LINE1,279,2026-03-05,Released
MO01489,FG0037,LINE2,188,2026-03-31,Firm Planned
MO01490,FG0070,LINE2,77,2026-03-23,Released
MO01491,FG0020,LINE2,220,2026-05-02,Planned
MO01492,FG0035,LINE3,111,2025-08-30,Released
MO01493,FG0088,LINE1,236,2025-08-18,Planned
MO01494,FG0045,LINE1,243,2026-04-23,Planned
MO01495,FG0089,LINE2,226,2026-01-10,Firm Planned
MO01496,FG0088,LINE3,159,2026-02-27,Planned
MO01497,FG0066,LINE2,176,2026-03-13,Firm Planned
MO01498,FG0080,LINE2,154,2025-04-08,Firm Planned
MO01499,FG0061,LINE3,326,2025-04-16,Firm Planned
MO01500,FG0069,LINE2,307,2025-05-04,Released
